company_id,scenario,department_id,headcount,connected_employee_share,family_link_share,referral_share,promoted_share,avg_salary,avg_performance,avg_merit,manager_count,department_nepotism_risk_score,surname_concentration,city_concentration,school_concentration,college_concentration,promoted_share_connected,raw_nepotism_risk_score,anomaly_score,anomaly_rank,is_anomalous,model_feature_count,model_features_used
HNR-03,High nepotism risk,D02,2,1.0,1.0,1.0,1.0,29500.0,75.69999999999999,80.75,2,0.4491,1.0,1.0,0.5,1.0,1.0,0.2908,1.0,1,1,16,"headcount, connected_employee_share, family_link_share, referral_share, promoted_share, avg_salary, avg_performance, avg_merit, surname_concentration, city_concentration, school_concentration, college_concentration, promoted_share_connected, raw_nepotism_risk_score, manager_count, department_nepotism_risk_score"
MER-05,Merit-based,D02,3,0.6666666666666666,0.0,0.3333333333333333,0.6666666666666666,27233.33333333333,80.06666666666666,90.7,2,0.081,0.6667,0.6667,0.3333,0.6667,0.5,0.1146,0.9273,2,1,16,"headcount, connected_employee_share, family_link_share, referral_share, promoted_share, avg_salary, avg_performance, avg_merit, surname_concentration, city_concentration, school_concentration, college_concentration, promoted_share_connected, raw_nepotism_risk_score, manager_count, department_nepotism_risk_score"
MER-04,Merit-based,D02,1,1.0,1.0,0.0,1.0,33800.0,70.4,77.4,1,0.295,1.0,1.0,1.0,1.0,1.0,0.217,0.9254,3,1,16,"headcount, connected_employee_share, family_link_share, referral_share, promoted_share, avg_salary, avg_performance, avg_merit, surname_concentration, city_concentration, school_concentration, college_concentration, promoted_share_connected, raw_nepotism_risk_score, manager_count, department_nepotism_risk_score"
HNR-11,High nepotism risk,D01,9,1.0,0.3333333333333333,0.8888888888888888,0.3333333333333333,24333.33333333333,71.71111111111111,79.48888888888888,2,1.0,0.3333,0.8889,0.8889,0.5556,0.3333,0.5545,0.8381,4,1,16,"headcount, connected_employee_share, family_link_share, referral_share, promoted_share, avg_salary, avg_performance, avg_merit, surname_concentration, city_concentration, school_concentration, college_concentration, promoted_share_connected, raw_nepotism_risk_score, manager_count, department_nepotism_risk_score"
HNR-14,High nepotism risk,D02,14,1.0,0.2857142857142857,0.8571428571428571,0.2142857142857142,20971.42857142857,65.11428571428571,77.31428571428572,2,0.8825,0.1429,0.8571,0.6429,0.3636,0.2308,0.4983,0.8137,5,1,16,"headcount, connected_employee_share, family_link_share, referral_share, promoted_share, avg_salary, avg_performance, avg_merit, surname_concentration, city_concentration, school_concentration, college_concentration, promoted_share_connected, raw_nepotism_risk_score, manager_count, department_nepotism_risk_score"
HNR-10,High nepotism risk,D02,7,1.0,0.7142857142857143,1.0,0.0,20500.0,62.9,75.67142857142858,2,0.8148,0.2857,0.8571,0.8571,0.5,0.0,0.4658,0.7002,6,1,16,"headcount, connected_employee_share, family_link_share, referral_share, promoted_share, avg_salary, avg_performance, avg_merit, surname_concentration, city_concentration, school_concentration, college_concentration, promoted_share_connected, raw_nepotism_risk_score, manager_count, department_nepotism_risk_score"
MOD-02,Moderate favoritism,D01,2,1.0,0.5,0.0,0.5,28350.0,72.45,96.35,2,0.1496,0.5,0.5,0.5,1.0,1.0,0.1474,0.6489,7,1,16,"headcount, connected_employee_share, family_link_share, referral_share, promoted_share, avg_salary, avg_performance, avg_merit, surname_concentration, city_concentration, school_concentration, college_concentration, promoted_share_connected, raw_nepotism_risk_score, manager_count, department_nepotism_risk_score"
MOD-15,Moderate favoritism,EXEC,1,1.0,1.0,1.0,0.0,51400.0,69.3,80.5,0,0.3395,1.0,1.0,1.0,0.0,0.0,0.2383,0.6469,8,1,16,"headcount, connected_employee_share, family_link_share, referral_share, promoted_share, avg_salary, avg_performance, avg_merit, surname_concentration, city_concentration, school_concentration, college_concentration, promoted_share_connected, raw_nepotism_risk_score, manager_count, department_nepotism_risk_score"
MOD-09,Moderate favoritism,D01,4,1.0,0.25,0.0,0.5,23325.0,71.6,88.1,2,0.1189,0.25,0.5,0.25,0.25,1.0,0.1327,0.5926,9,1,16,"headcount, connected_employee_share, family_link_share, referral_share, promoted_share, avg_salary, avg_performance, avg_merit, surname_concentration, city_concentration, school_concentration, college_concentration, promoted_share_connected, raw_nepotism_risk_score, manager_count, department_nepotism_risk_score"
MER-04,Merit-based,D03,3,1.0,0.3333333333333333,0.3333333333333333,0.6666666666666666,26800.0,71.60000000000001,80.53333333333333,2,0.0948,0.3333,0.3333,0.3333,0.5,1.0,0.1211,0.5878,10,1,16,"headcount, connected_employee_share, family_link_share, referral_share, promoted_share, avg_salary, avg_performance, avg_merit, surname_concentration, city_concentration, school_concentration, college_concentration, promoted_share_connected, raw_nepotism_risk_score, manager_count, department_nepotism_risk_score"
HNR-15,High nepotism risk,D01,3,1.0,0.3333333333333333,0.6666666666666666,0.3333333333333333,19400.0,69.63333333333333,70.73333333333333,2,0.2009,0.3333,0.6667,0.6667,1.0,0.5,0.172,0.5636,11,1,16,"headcount, connected_employee_share, family_link_share, referral_share, promoted_share, avg_salary, avg_performance, avg_merit, surname_concentration, city_concentration, school_concentration, college_concentration, promoted_share_connected, raw_nepotism_risk_score, manager_count, department_nepotism_risk_score"
HNR-12,High nepotism risk,EXEC,1,1.0,1.0,1.0,0.0,51600.0,67.3,94.6,0,0.4471,1.0,1.0,1.0,1.0,0.0,0.2898,0.5498,12,1,16,"headcount, connected_employee_share, family_link_share, referral_share, promoted_share, avg_salary, avg_performance, avg_merit, surname_concentration, city_concentration, school_concentration, college_concentration, promoted_share_connected, raw_nepotism_risk_score, manager_count, department_nepotism_risk_score"
HNR-05,High nepotism risk,D02,1,1.0,1.0,1.0,0.0,31600.0,57.7,70.4,1,0.3201,1.0,1.0,1.0,1.0,0.0,0.229,0.5411,13,1,16,"headcount, connected_employee_share, family_link_share, referral_share, promoted_share, avg_salary, avg_performance, avg_merit, surname_concentration, city_concentration, school_concentration, college_concentration, promoted_share_connected, raw_nepotism_risk_score, manager_count, department_nepotism_risk_score"
MER-07,Merit-based,D01,2,1.0,0.0,0.0,0.5,29800.0,81.6,91.7,2,0.1008,0.5,0.5,0.5,1.0,0.5,0.124,0.5407,14,1,16,"headcount, connected_employee_share, family_link_share, referral_share, promoted_share, avg_salary, avg_performance, avg_merit, surname_concentration, city_concentration, school_concentration, college_concentration, promoted_share_connected, raw_nepotism_risk_score, manager_count, department_nepotism_risk_score"
HNR-01,High nepotism risk,EXEC,1,1.0,1.0,1.0,0.0,52900.0,73.9,79.7,0,0.4272,1.0,1.0,1.0,1.0,0.0,0.2803,0.5365,15,1,16,"headcount, connected_employee_share, family_link_share, referral_share, promoted_share, avg_salary, avg_performance, avg_merit, surname_concentration, city_concentration, school_concentration, college_concentration, promoted_share_connected, raw_nepotism_risk_score, manager_count, department_nepotism_risk_score"
HNR-15,High nepotism risk,EXEC,1,1.0,1.0,0.0,0.0,52800.0,75.6,92.0,0,0.3851,1.0,1.0,1.0,1.0,0.0,0.2601,0.5228,16,1,16,"headcount, connected_employee_share, family_link_share, referral_share, promoted_share, avg_salary, avg_performance, avg_merit, surname_concentration, city_concentration, school_concentration, college_concentration, promoted_share_connected, raw_nepotism_risk_score, manager_count, department_nepotism_risk_score"
HNR-13,High nepotism risk,D03,2,1.0,0.5,0.5,0.5,28900.0,70.30000000000001,75.2,2,0.238,0.5,1.0,1.0,1.0,0.5,0.1897,0.5142,17,1,16,"headcount, connected_employee_share, family_link_share, referral_share, promoted_share, avg_salary, avg_performance, avg_merit, surname_concentration, city_concentration, school_concentration, college_concentration, promoted_share_connected, raw_nepotism_risk_score, manager_count, department_nepotism_risk_score"
HNR-02,High nepotism risk,EXEC,1,1.0,1.0,0.0,0.0,49300.0,66.4,77.2,0,0.3359,1.0,1.0,1.0,1.0,0.0,0.2366,0.506,18,1,16,"headcount, connected_employee_share, family_link_share, referral_share, promoted_share, avg_salary, avg_performance, avg_merit, surname_concentration, city_concentration, school_concentration, college_concentration, promoted_share_connected, raw_nepotism_risk_score, manager_count, department_nepotism_risk_score"
HNR-08,High nepotism risk,EXEC,1,1.0,1.0,1.0,0.0,50200.0,68.6,86.4,0,0.4471,1.0,1.0,1.0,1.0,0.0,0.2898,0.4672,19,1,16,"headcount, connected_employee_share, family_link_share, referral_share, promoted_share, avg_salary, avg_performance, avg_merit, surname_concentration, city_concentration, school_concentration, college_concentration, promoted_share_connected, raw_nepotism_risk_score, manager_count, department_nepotism_risk_score"
HNR-08,High nepotism risk,D02,6,1.0,0.3333333333333333,1.0,0.0,19083.33333333333,63.55,70.16666666666667,2,0.5181,0.3333,1.0,0.5,0.4,0.0,0.3238,0.4658,20,1,16,"headcount, connected_employee_share, family_link_share, referral_share, promoted_share, avg_salary, avg_performance, avg_merit, surname_concentration, city_concentration, school_concentration, college_concentration, promoted_share_connected, raw_nepotism_risk_score, manager_count, department_nepotism_risk_score"
HNR-06,High nepotism risk,D02,9,1.0,0.1111111111111111,0.7777777777777778,0.1111111111111111,21433.33333333333,69.64444444444445,84.26666666666667,2,0.6398,0.2222,0.7778,0.4444,0.3333,0.1429,0.382,0.4568,21,0,16,"headcount, connected_employee_share, family_link_share, referral_share, promoted_share, avg_salary, avg_performance, avg_merit, surname_concentration, city_concentration, school_concentration, college_concentration, promoted_share_connected, raw_nepotism_risk_score, manager_count, department_nepotism_risk_score"
MOD-10,Moderate favoritism,EXEC,1,1.0,1.0,0.0,0.0,50200.0,77.6,91.7,0,0.2511,1.0,1.0,1.0,1.0,0.0,0.196,0.4559,22,0,16,"headcount, connected_employee_share, family_link_share, referral_share, promoted_share, avg_salary, avg_performance, avg_merit, surname_concentration, city_concentration, school_concentration, college_concentration, promoted_share_connected, raw_nepotism_risk_score, manager_count, department_nepotism_risk_score"
HNR-04,High nepotism risk,EXEC,1,1.0,0.0,0.0,0.0,51900.0,79.1,83.5,0,0.2166,1.0,1.0,1.0,0.0,0.0,0.1795,0.4422,23,0,16,"headcount, connected_employee_share, family_link_share, referral_share, promoted_share, avg_salary, avg_performance, avg_merit, surname_concentration, city_concentration, school_concentration, college_concentration, promoted_share_connected, raw_nepotism_risk_score, manager_count, department_nepotism_risk_score"
HNR-03,High nepotism risk,D01,7,1.0,0.5714285714285714,1.0,0.0,21342.85714285714,66.58571428571429,79.2,2,0.6607,0.4286,1.0,0.4286,0.5714,0.0,0.3921,0.44,24,0,16,"headcount, connected_employee_share, family_link_share, referral_share, promoted_share, avg_salary, avg_performance, avg_merit, surname_concentration, city_concentration, school_concentration, college_concentration, promoted_share_connected, raw_nepotism_risk_score, manager_count, department_nepotism_risk_score"
MER-03,Merit-based,EXEC,1,1.0,0.0,0.0,0.0,50400.0,69.8,85.4,0,0.0827,1.0,1.0,1.0,0.0,0.0,0.1154,0.4377,25,0,16,"headcount, connected_employee_share, family_link_share, referral_share, promoted_share, avg_salary, avg_performance, avg_merit, surname_concentration, city_concentration, school_concentration, college_concentration, promoted_share_connected, raw_nepotism_risk_score, manager_count, department_nepotism_risk_score"
MER-05,Merit-based,D03,9,1.0,0.1111111111111111,0.2222222222222222,0.1111111111111111,24044.444444444445,71.54444444444444,87.14444444444445,2,0.4832,0.2222,0.4444,0.2222,0.5,0.1667,0.3071,0.4376,26,0,16,"headcount, connected_employee_share, family_link_share, referral_share, promoted_share, avg_salary, avg_performance, avg_merit, surname_concentration, city_concentration, school_concentration, college_concentration, promoted_share_connected, raw_nepotism_risk_score, manager_count, department_nepotism_risk_score"
HNR-09,High nepotism risk,D01,6,1.0,0.3333333333333333,0.8333333333333334,0.0,17850.0,67.16666666666667,80.55,2,0.5906,0.3333,1.0,1.0,0.5,0.0,0.3585,0.4358,27,0,16,"headcount, connected_employee_share, family_link_share, referral_share, promoted_share, avg_salary, avg_performance, avg_merit, surname_concentration, city_concentration, school_concentration, college_concentration, promoted_share_connected, raw_nepotism_risk_score, manager_count, department_nepotism_risk_score"
HNR-14,High nepotism risk,D01,3,1.0,0.6666666666666666,0.3333333333333333,0.0,18733.33333333333,63.0,76.76666666666667,2,0.1848,0.6667,0.6667,0.6667,0.3333,0.0,0.1643,0.4306,28,0,16,"headcount, connected_employee_share, family_link_share, referral_share, promoted_share, avg_salary, avg_performance, avg_merit, surname_concentration, city_concentration, school_concentration, college_concentration, promoted_share_connected, raw_nepotism_risk_score, manager_count, department_nepotism_risk_score"
HNR-12,High nepotism risk,D02,9,1.0,0.2222222222222222,0.5555555555555556,0.0,23600.0,68.16666666666667,81.93333333333334,2,0.6962,0.2222,0.8889,0.5556,0.375,0.0,0.4091,0.4272,29,0,16,"headcount, connected_employee_share, family_link_share, referral_share, promoted_share, avg_salary, avg_performance, avg_merit, surname_concentration, city_concentration, school_concentration, college_concentration, promoted_share_connected, raw_nepotism_risk_score, manager_count, department_nepotism_risk_score"
MER-03,Merit-based,D01,6,0.8333333333333334,0.0,0.3333333333333333,0.0,21950.0,70.56666666666666,83.96666666666667,2,0.2508,0.1667,0.6667,0.3333,0.6667,0.0,0.1958,0.4243,30,0,16,"headcount, connected_employee_share, family_link_share, referral_share, promoted_share, avg_salary, avg_performance, avg_merit, surname_concentration, city_concentration, school_concentration, college_concentration, promoted_share_connected, raw_nepotism_risk_score, manager_count, department_nepotism_risk_score"
MOD-05,Moderate favoritism,D03,1,1.0,0.0,0.0,0.0,35600.0,78.9,95.7,1,0.0827,1.0,1.0,1.0,0.0,0.0,0.1154,0.4241,31,0,16,"headcount, connected_employee_share, family_link_share, referral_share, promoted_share, avg_salary, avg_performance, avg_merit, surname_concentration, city_concentration, school_concentration, college_concentration, promoted_share_connected, raw_nepotism_risk_score, manager_count, department_nepotism_risk_score"
MER-10,Merit-based,D02,1,1.0,0.0,0.0,0.0,35200.0,80.0,94.1,1,0.0827,1.0,1.0,1.0,0.0,0.0,0.1154,0.4228,32,0,16,"headcount, connected_employee_share, family_link_share, referral_share, promoted_share, avg_salary, avg_performance, avg_merit, surname_concentration, city_concentration, school_concentration, college_concentration, promoted_share_connected, raw_nepotism_risk_score, manager_count, department_nepotism_risk_score"
HNR-15,High nepotism risk,D03,2,1.0,0.0,0.5,0.5,27650.0,68.05,84.15,2,0.1529,1.0,1.0,1.0,1.0,0.0,0.149,0.4214,33,0,16,"headcount, connected_employee_share, family_link_share, referral_share, promoted_share, avg_salary, avg_performance, avg_merit, surname_concentration, city_concentration, school_concentration, college_concentration, promoted_share_connected, raw_nepotism_risk_score, manager_count, department_nepotism_risk_score"
MOD-08,Moderate favoritism,EXEC,1,1.0,0.0,1.0,0.0,51900.0,72.8,98.4,0,0.1318,1.0,1.0,1.0,0.0,0.0,0.1389,0.4178,34,0,16,"headcount, connected_employee_share, family_link_share, referral_share, promoted_share, avg_salary, avg_performance, avg_merit, surname_concentration, city_concentration, school_concentration, college_concentration, promoted_share_connected, raw_nepotism_risk_score, manager_count, department_nepotism_risk_score"
MOD-09,Moderate favoritism,D02,2,1.0,0.0,0.5,0.5,28650.0,73.7,90.7,2,0.1704,0.5,1.0,0.5,1.0,0.5,0.1574,0.4162,35,0,16,"headcount, connected_employee_share, family_link_share, referral_share, promoted_share, avg_salary, avg_performance, avg_merit, surname_concentration, city_concentration, school_concentration, college_concentration, promoted_share_connected, raw_nepotism_risk_score, manager_count, department_nepotism_risk_score"
MOD-12,Moderate favoritism,D01,8,1.0,0.125,0.0,0.125,23800.0,69.675,88.2375,2,0.3449,0.125,0.625,0.25,0.2857,0.2,0.2409,0.4162,35,0,16,"headcount, connected_employee_share, family_link_share, referral_share, promoted_share, avg_salary, avg_performance, avg_merit, surname_concentration, city_concentration, school_concentration, college_concentration, promoted_share_connected, raw_nepotism_risk_score, manager_count, department_nepotism_risk_score"
HNR-01,High nepotism risk,D01,6,1.0,0.0,1.0,0.1666666666666666,20983.33333333333,67.96666666666665,80.26666666666667,2,0.4924,0.3333,1.0,0.5,0.8,0.1667,0.3115,0.4087,36,0,16,"headcount, connected_employee_share, family_link_share, referral_share, promoted_share, avg_salary, avg_performance, avg_merit, surname_concentration, city_concentration, school_concentration, college_concentration, promoted_share_connected, raw_nepotism_risk_score, manager_count, department_nepotism_risk_score"
HNR-05,High nepotism risk,D01,2,1.0,0.0,0.5,0.0,21350.0,57.2,71.05,2,0.2412,0.5,1.0,1.0,0.5,0.0,0.1912,0.3996,37,0,16,"headcount, connected_employee_share, family_link_share, referral_share, promoted_share, avg_salary, avg_performance, avg_merit, surname_concentration, city_concentration, school_concentration, college_concentration, promoted_share_connected, raw_nepotism_risk_score, manager_count, department_nepotism_risk_score"
MER-14,Merit-based,D01,9,1.0,0.1111111111111111,0.0,0.1111111111111111,22522.222222222223,73.16666666666667,83.65555555555555,2,0.371,0.3333,0.4444,0.2222,0.2222,0.0,0.2534,0.3948,38,0,16,"headcount, connected_employee_share, family_link_share, referral_share, promoted_share, avg_salary, avg_performance, avg_merit, surname_concentration, city_concentration, school_concentration, college_concentration, promoted_share_connected, raw_nepotism_risk_score, manager_count, department_nepotism_risk_score"
MER-02,Merit-based,D02,5,1.0,0.0,0.6,0.4,21580.0,70.6,83.58,2,0.2332,0.4,0.6,0.6,0.2,0.3333,0.1874,0.3942,39,0,16,"headcount, connected_employee_share, family_link_share, referral_share, promoted_share, avg_salary, avg_performance, avg_merit, surname_concentration, city_concentration, school_concentration, college_concentration, promoted_share_connected, raw_nepotism_risk_score, manager_count, department_nepotism_risk_score"
MER-06,Merit-based,D03,7,0.8571428571428571,0.0,0.1428571428571428,0.0,24357.14285714286,74.0,85.98571428571428,2,0.3014,0.4286,0.5714,0.4286,0.3333,0.0,0.2201,0.3874,40,0,16,"headcount, connected_employee_share, family_link_share, referral_share, promoted_share, avg_salary, avg_performance, avg_merit, surname_concentration, city_concentration, school_concentration, college_concentration, promoted_share_connected, raw_nepotism_risk_score, manager_count, department_nepotism_risk_score"
MER-16,Merit-based,EXEC,1,1.0,0.0,0.0,0.0,52800.0,78.8,88.3,0,0.0827,1.0,1.0,1.0,0.0,0.0,0.1154,0.3831,41,0,16,"headcount, connected_employee_share, family_link_share, referral_share, promoted_share, avg_salary, avg_performance, avg_merit, surname_concentration, city_concentration, school_concentration, college_concentration, promoted_share_connected, raw_nepotism_risk_score, manager_count, department_nepotism_risk_score"
HNR-09,High nepotism risk,D02,1,1.0,1.0,1.0,0.0,32900.0,70.1,96.4,1,0.2511,1.0,1.0,1.0,1.0,0.0,0.196,0.3775,42,0,16,"headcount, connected_employee_share, family_link_share, referral_share, promoted_share, avg_salary, avg_performance, avg_merit, surname_concentration, city_concentration, school_concentration, college_concentration, promoted_share_connected, raw_nepotism_risk_score, manager_count, department_nepotism_risk_score"
MER-10,Merit-based,D01,3,1.0,1.0,0.0,0.0,21366.666666666668,72.43333333333334,83.5,2,0.2422,0.3333,0.6667,0.6667,0.6667,0.0,0.1917,0.368,43,0,16,"headcount, connected_employee_share, family_link_share, referral_share, promoted_share, avg_salary, avg_performance, avg_merit, surname_concentration, city_concentration, school_concentration, college_concentration, promoted_share_connected, raw_nepotism_risk_score, manager_count, department_nepotism_risk_score"
MOD-06,Moderate favoritism,D02,1,1.0,1.0,1.0,0.0,34300.0,72.8,75.5,1,0.3529,1.0,1.0,1.0,1.0,0.0,0.2447,0.3674,44,0,16,"headcount, connected_employee_share, family_link_share, referral_share, promoted_share, avg_salary, avg_performance, avg_merit, surname_concentration, city_concentration, school_concentration, college_concentration, promoted_share_connected, raw_nepotism_risk_score, manager_count, department_nepotism_risk_score"
MOD-12,Moderate favoritism,D02,6,1.0,0.5,0.5,0.1666666666666666,22400.0,70.75,82.56666666666666,2,0.4861,0.5,0.5,0.3333,0.4,0.1667,0.3085,0.3641,45,0,16,"headcount, connected_employee_share, family_link_share, referral_share, promoted_share, avg_salary, avg_performance, avg_merit, surname_concentration, city_concentration, school_concentration, college_concentration, promoted_share_connected, raw_nepotism_risk_score, manager_count, department_nepotism_risk_score"
MOD-02,Moderate favoritism,D02,2,1.0,0.0,0.0,0.0,21250.0,58.85,79.55,2,0.1336,0.5,1.0,1.0,1.0,0.0,0.1397,0.364,46,0,16,"headcount, connected_employee_share, family_link_share, referral_share, promoted_share, avg_salary, avg_performance, avg_merit, surname_concentration, city_concentration, school_concentration, college_concentration, promoted_share_connected, raw_nepotism_risk_score, manager_count, department_nepotism_risk_score"
MOD-01,Moderate favoritism,D03,3,1.0,0.3333333333333333,0.6666666666666666,0.3333333333333333,26833.33333333333,72.60000000000001,83.2,2,0.1578,0.3333,0.3333,0.3333,0.3333,0.5,0.1513,0.3629,47,0,16,"headcount, connected_employee_share, family_link_share, referral_share, promoted_share, avg_salary, avg_performance, avg_merit, surname_concentration, city_concentration, school_concentration, college_concentration, promoted_share_connected, raw_nepotism_risk_score, manager_count, department_nepotism_risk_score"
MOD-01,Moderate favoritism,D01,5,1.0,0.6,0.2,0.2,21840.0,67.92,82.22,2,0.3809,0.4,0.8,0.4,0.5,0.25,0.2581,0.3503,48,0,16,"headcount, connected_employee_share, family_link_share, referral_share, promoted_share, avg_salary, avg_performance, avg_merit, surname_concentration, city_concentration, school_concentration, college_concentration, promoted_share_connected, raw_nepotism_risk_score, manager_count, department_nepotism_risk_score"
HNR-04,High nepotism risk,D03,4,1.0,0.5,1.0,0.0,17600.0,66.7,76.525,2,0.316,0.25,1.0,0.5,0.75,0.0,0.227,0.3474,49,0,16,"headcount, connected_employee_share, family_link_share, referral_share, promoted_share, avg_salary, avg_performance, avg_merit, surname_concentration, city_concentration, school_concentration, college_concentration, promoted_share_connected, raw_nepotism_risk_score, manager_count, department_nepotism_risk_score"
HNR-04,High nepotism risk,D02,2,1.0,1.0,1.0,0.0,27100.0,65.05000000000001,79.45,2,0.2292,0.5,1.0,0.5,0.5,0.0,0.1855,0.3462,50,0,16,"headcount, connected_employee_share, family_link_share, referral_share, promoted_share, avg_salary, avg_performance, avg_merit, surname_concentration, city_concentration, school_concentration, college_concentration, promoted_share_connected, raw_nepotism_risk_score, manager_count, department_nepotism_risk_score"
MOD-02,Moderate favoritism,EXEC,1,1.0,0.0,1.0,0.0,52700.0,79.1,89.9,0,0.1318,1.0,1.0,1.0,0.0,0.0,0.1389,0.3375,51,0,16,"headcount, connected_employee_share, family_link_share, referral_share, promoted_share, avg_salary, avg_performance, avg_merit, surname_concentration, city_concentration, school_concentration, college_concentration, promoted_share_connected, raw_nepotism_risk_score, manager_count, department_nepotism_risk_score"
MOD-07,Moderate favoritism,D01,6,1.0,0.5,0.3333333333333333,0.1666666666666666,24566.666666666668,70.23333333333333,82.38333333333334,2,0.4177,0.1667,0.8333,0.6667,0.6667,0.1667,0.2758,0.3362,52,0,16,"headcount, connected_employee_share, family_link_share, referral_share, promoted_share, avg_salary, avg_performance, avg_merit, surname_concentration, city_concentration, school_concentration, college_concentration, promoted_share_connected, raw_nepotism_risk_score, manager_count, department_nepotism_risk_score"
MER-12,Merit-based,D03,4,1.0,0.0,0.0,0.0,25575.0,73.775,92.4,2,0.0046,0.25,0.25,0.25,0.3333,0.0,0.078,0.3349,53,0,16,"headcount, connected_employee_share, family_link_share, referral_share, promoted_share, avg_salary, avg_performance, avg_merit, surname_concentration, city_concentration, school_concentration, college_concentration, promoted_share_connected, raw_nepotism_risk_score, manager_count, department_nepotism_risk_score"
MER-09,Merit-based,EXEC,1,1.0,1.0,1.0,0.0,50800.0,68.5,83.7,0,0.3003,1.0,1.0,1.0,1.0,0.0,0.2195,0.3347,54,0,16,"headcount, connected_employee_share, family_link_share, referral_share, promoted_share, avg_salary, avg_performance, avg_merit, surname_concentration, city_concentration, school_concentration, college_concentration, promoted_share_connected, raw_nepotism_risk_score, manager_count, department_nepotism_risk_score"
HNR-07,High nepotism risk,D03,2,1.0,0.5,0.0,0.0,27600.0,68.1,91.8,2,0.1023,1.0,0.5,0.5,0.5,0.0,0.1247,0.3283,55,0,16,"headcount, connected_employee_share, family_link_share, referral_share, promoted_share, avg_salary, avg_performance, avg_merit, surname_concentration, city_concentration, school_concentration, college_concentration, promoted_share_connected, raw_nepotism_risk_score, manager_count, department_nepotism_risk_score"
MOD-08,Moderate favoritism,D01,4,1.0,0.25,0.75,0.25,23175.0,70.625,79.275,2,0.1072,0.5,0.5,0.25,0.3333,0.5,0.1271,0.3278,56,0,16,"headcount, connected_employee_share, family_link_share, referral_share, promoted_share, avg_salary, avg_performance, avg_merit, surname_concentration, city_concentration, school_concentration, college_concentration, promoted_share_connected, raw_nepotism_risk_score, manager_count, department_nepotism_risk_score"
HNR-07,High nepotism risk,D01,5,1.0,0.2,0.2,0.0,20020.0,63.24,73.66,2,0.3125,0.2,0.8,0.6,0.6667,0.0,0.2254,0.3244,57,0,16,"headcount, connected_employee_share, family_link_share, referral_share, promoted_share, avg_salary, avg_performance, avg_merit, surname_concentration, city_concentration, school_concentration, college_concentration, promoted_share_connected, raw_nepotism_risk_score, manager_count, department_nepotism_risk_score"
MER-12,Merit-based,D01,6,1.0,0.1666666666666666,0.1666666666666666,0.1666666666666666,20816.666666666668,68.8,83.5,2,0.4572,0.3333,1.0,0.5,0.6,0.1667,0.2946,0.324,58,0,16,"headcount, connected_employee_share, family_link_share, referral_share, promoted_share, avg_salary, avg_performance, avg_merit, surname_concentration, city_concentration, school_concentration, college_concentration, promoted_share_connected, raw_nepotism_risk_score, manager_count, department_nepotism_risk_score"
HNR-10,High nepotism risk,D01,1,1.0,1.0,1.0,0.0,33300.0,68.0,82.7,1,0.3623,1.0,1.0,1.0,1.0,0.0,0.2492,0.322,59,0,16,"headcount, connected_employee_share, family_link_share, referral_share, promoted_share, avg_salary, avg_performance, avg_merit, surname_concentration, city_concentration, school_concentration, college_concentration, promoted_share_connected, raw_nepotism_risk_score, manager_count, department_nepotism_risk_score"
MER-08,Merit-based,D01,2,1.0,0.5,0.5,0.5,29050.0,77.9,83.15,2,0.171,0.5,0.5,0.5,0.5,0.0,0.1576,0.3172,60,0,16,"headcount, connected_employee_share, family_link_share, referral_share, promoted_share, avg_salary, avg_performance, avg_merit, surname_concentration, city_concentration, school_concentration, college_concentration, promoted_share_connected, raw_nepotism_risk_score, manager_count, department_nepotism_risk_score"
MER-07,Merit-based,D02,3,1.0,0.0,0.3333333333333333,0.3333333333333333,25766.666666666668,65.86666666666666,86.36666666666667,2,0.1196,0.3333,0.6667,0.6667,0.5,0.5,0.133,0.3098,61,0,16,"headcount, connected_employee_share, family_link_share, referral_share, promoted_share, avg_salary, avg_performance, avg_merit, surname_concentration, city_concentration, school_concentration, college_concentration, promoted_share_connected, raw_nepotism_risk_score, manager_count, department_nepotism_risk_score"
MOD-06,Moderate favoritism,D01,1,1.0,1.0,0.0,0.0,34200.0,70.6,82.3,1,0.271,1.0,1.0,1.0,1.0,0.0,0.2055,0.3063,62,0,16,"headcount, connected_employee_share, family_link_share, referral_share, promoted_share, avg_salary, avg_performance, avg_merit, surname_concentration, city_concentration, school_concentration, college_concentration, promoted_share_connected, raw_nepotism_risk_score, manager_count, department_nepotism_risk_score"
MER-11,Merit-based,EXEC,1,1.0,0.0,0.0,0.0,51200.0,75.6,93.3,0,0.1517,1.0,1.0,1.0,0.0,0.0,0.1484,0.3056,63,0,16,"headcount, connected_employee_share, family_link_share, referral_share, promoted_share, avg_salary, avg_performance, avg_merit, surname_concentration, city_concentration, school_concentration, college_concentration, promoted_share_connected, raw_nepotism_risk_score, manager_count, department_nepotism_risk_score"
MOD-06,Moderate favoritism,EXEC,1,1.0,0.0,0.0,0.0,50800.0,66.3,79.5,0,0.3044,1.0,1.0,1.0,1.0,0.0,0.2215,0.2995,64,0,16,"headcount, connected_employee_share, family_link_share, referral_share, promoted_share, avg_salary, avg_performance, avg_merit, surname_concentration, city_concentration, school_concentration, college_concentration, promoted_share_connected, raw_nepotism_risk_score, manager_count, department_nepotism_risk_score"
MOD-13,Moderate favoritism,D03,5,1.0,0.0,0.4,0.2,24440.0,66.86,77.94,2,0.2486,0.2,0.6,0.6,0.4,0.25,0.1948,0.2986,65,0,16,"headcount, connected_employee_share, family_link_share, referral_share, promoted_share, avg_salary, avg_performance, avg_merit, surname_concentration, city_concentration, school_concentration, college_concentration, promoted_share_connected, raw_nepotism_risk_score, manager_count, department_nepotism_risk_score"
HNR-09,High nepotism risk,EXEC,1,1.0,0.0,1.0,0.0,52800.0,76.8,92.5,0,0.1318,1.0,1.0,1.0,0.0,0.0,0.1389,0.2963,66,0,16,"headcount, connected_employee_share, family_link_share, referral_share, promoted_share, avg_salary, avg_performance, avg_merit, surname_concentration, city_concentration, school_concentration, college_concentration, promoted_share_connected, raw_nepotism_risk_score, manager_count, department_nepotism_risk_score"
MOD-05,Moderate favoritism,D02,1,1.0,0.0,0.0,0.0,33400.0,68.2,68.9,1,0.1704,1.0,1.0,1.0,1.0,0.0,0.1574,0.296,67,0,16,"headcount, connected_employee_share, family_link_share, referral_share, promoted_share, avg_salary, avg_performance, avg_merit, surname_concentration, city_concentration, school_concentration, college_concentration, promoted_share_connected, raw_nepotism_risk_score, manager_count, department_nepotism_risk_score"
HNR-01,High nepotism risk,D02,1,1.0,0.0,1.0,0.0,34900.0,80.2,77.5,1,0.1283,1.0,1.0,1.0,1.0,0.0,0.1372,0.2921,68,0,16,"headcount, connected_employee_share, family_link_share, referral_share, promoted_share, avg_salary, avg_performance, avg_merit, surname_concentration, city_concentration, school_concentration, college_concentration, promoted_share_connected, raw_nepotism_risk_score, manager_count, department_nepotism_risk_score"
MER-08,Merit-based,D03,2,1.0,0.0,0.0,0.0,23950.0,66.55000000000001,74.15,2,0.0444,0.5,0.5,0.5,1.0,0.0,0.097,0.2914,69,0,16,"headcount, connected_employee_share, family_link_share, referral_share, promoted_share, avg_salary, avg_performance, avg_merit, surname_concentration, city_concentration, school_concentration, college_concentration, promoted_share_connected, raw_nepotism_risk_score, manager_count, department_nepotism_risk_score"
HNR-11,High nepotism risk,D03,6,1.0,0.3333333333333333,0.6666666666666666,0.1666666666666666,22733.33333333333,65.11666666666666,76.89999999999999,2,0.3579,0.1667,0.6667,0.5,0.6,0.0,0.2471,0.2877,70,0,16,"headcount, connected_employee_share, family_link_share, referral_share, promoted_share, avg_salary, avg_performance, avg_merit, surname_concentration, city_concentration, school_concentration, college_concentration, promoted_share_connected, raw_nepotism_risk_score, manager_count, department_nepotism_risk_score"
MOD-16,Moderate favoritism,D02,1,1.0,0.0,0.0,0.0,36300.0,85.2,95.4,1,0.1283,1.0,1.0,1.0,1.0,0.0,0.1372,0.2877,70,0,16,"headcount, connected_employee_share, family_link_share, referral_share, promoted_share, avg_salary, avg_performance, avg_merit, surname_concentration, city_concentration, school_concentration, college_concentration, promoted_share_connected, raw_nepotism_risk_score, manager_count, department_nepotism_risk_score"
MER-05,Merit-based,EXEC,1,1.0,0.0,1.0,0.0,52400.0,76.4,92.0,0,0.1318,1.0,1.0,1.0,0.0,0.0,0.1389,0.2863,71,0,16,"headcount, connected_employee_share, family_link_share, referral_share, promoted_share, avg_salary, avg_performance, avg_merit, surname_concentration, city_concentration, school_concentration, college_concentration, promoted_share_connected, raw_nepotism_risk_score, manager_count, department_nepotism_risk_score"
MER-06,Merit-based,EXEC,1,1.0,0.0,0.0,0.0,49500.0,65.7,92.8,0,0.3044,1.0,1.0,1.0,1.0,0.0,0.2215,0.2825,72,0,16,"headcount, connected_employee_share, family_link_share, referral_share, promoted_share, avg_salary, avg_performance, avg_merit, surname_concentration, city_concentration, school_concentration, college_concentration, promoted_share_connected, raw_nepotism_risk_score, manager_count, department_nepotism_risk_score"
MER-08,Merit-based,EXEC,1,1.0,0.0,0.0,0.0,52900.0,79.3,99.8,0,0.1283,1.0,1.0,1.0,1.0,0.0,0.1372,0.2818,73,0,16,"headcount, connected_employee_share, family_link_share, referral_share, promoted_share, avg_salary, avg_performance, avg_merit, surname_concentration, city_concentration, school_concentration, college_concentration, promoted_share_connected, raw_nepotism_risk_score, manager_count, department_nepotism_risk_score"
MER-16,Merit-based,D01,8,1.0,0.125,0.125,0.0,20837.5,66.4,80.75,2,0.3382,0.25,0.375,0.25,0.5,0.0,0.2377,0.2812,74,0,16,"headcount, connected_employee_share, family_link_share, referral_share, promoted_share, avg_salary, avg_performance, avg_merit, surname_concentration, city_concentration, school_concentration, college_concentration, promoted_share_connected, raw_nepotism_risk_score, manager_count, department_nepotism_risk_score"
MER-10,Merit-based,EXEC,1,1.0,0.0,1.0,0.0,49300.0,61.4,81.8,0,0.1903,1.0,1.0,1.0,1.0,0.0,0.1669,0.2806,75,0,16,"headcount, connected_employee_share, family_link_share, referral_share, promoted_share, avg_salary, avg_performance, avg_merit, surname_concentration, city_concentration, school_concentration, college_concentration, promoted_share_connected, raw_nepotism_risk_score, manager_count, department_nepotism_risk_score"
HNR-05,High nepotism risk,EXEC,1,1.0,0.0,1.0,0.0,53100.0,78.9,96.9,0,0.1774,1.0,1.0,1.0,1.0,0.0,0.1607,0.273,76,0,16,"headcount, connected_employee_share, family_link_share, referral_share, promoted_share, avg_salary, avg_performance, avg_merit, surname_concentration, city_concentration, school_concentration, college_concentration, promoted_share_connected, raw_nepotism_risk_score, manager_count, department_nepotism_risk_score"
MOD-15,Moderate favoritism,D01,2,1.0,0.0,1.0,0.0,27800.0,72.85,89.6,2,0.1289,1.0,0.5,0.5,0.5,0.0,0.1375,0.2723,77,0,16,"headcount, connected_employee_share, family_link_share, referral_share, promoted_share, avg_salary, avg_performance, avg_merit, surname_concentration, city_concentration, school_concentration, college_concentration, promoted_share_connected, raw_nepotism_risk_score, manager_count, department_nepotism_risk_score"
MOD-10,Moderate favoritism,D02,3,1.0,0.0,0.6666666666666666,0.3333333333333333,27166.666666666668,73.7,86.5,2,0.1275,0.3333,0.6667,0.3333,0.6667,0.3333,0.1368,0.272,78,0,16,"headcount, connected_employee_share, family_link_share, referral_share, promoted_share, avg_salary, avg_performance, avg_merit, surname_concentration, city_concentration, school_concentration, college_concentration, promoted_share_connected, raw_nepotism_risk_score, manager_count, department_nepotism_risk_score"
MOD-06,Moderate favoritism,D03,2,1.0,0.0,1.0,0.0,28950.0,75.44999999999999,93.2,2,0.0689,0.5,0.5,0.5,1.0,0.0,0.1088,0.2679,79,0,16,"headcount, connected_employee_share, family_link_share, referral_share, promoted_share, avg_salary, avg_performance, avg_merit, surname_concentration, city_concentration, school_concentration, college_concentration, promoted_share_connected, raw_nepotism_risk_score, manager_count, department_nepotism_risk_score"
MOD-04,Moderate favoritism,EXEC,1,1.0,0.0,0.0,0.0,51200.0,74.2,92.0,0,0.1318,1.0,1.0,1.0,0.0,0.0,0.1389,0.2629,80,0,16,"headcount, connected_employee_share, family_link_share, referral_share, promoted_share, avg_salary, avg_performance, avg_merit, surname_concentration, city_concentration, school_concentration, college_concentration, promoted_share_connected, raw_nepotism_risk_score, manager_count, department_nepotism_risk_score"
HNR-08,High nepotism risk,D01,3,1.0,0.6666666666666666,1.0,0.0,21000.0,65.06666666666666,80.26666666666667,2,0.3057,0.3333,1.0,0.6667,0.6667,0.0,0.2221,0.2616,81,0,16,"headcount, connected_employee_share, family_link_share, referral_share, promoted_share, avg_salary, avg_performance, avg_merit, surname_concentration, city_concentration, school_concentration, college_concentration, promoted_share_connected, raw_nepotism_risk_score, manager_count, department_nepotism_risk_score"
MER-13,Merit-based,EXEC,1,1.0,0.0,0.0,0.0,52900.0,82.1,85.9,0,0.2622,1.0,1.0,1.0,1.0,0.0,0.2013,0.2615,82,0,16,"headcount, connected_employee_share, family_link_share, referral_share, promoted_share, avg_salary, avg_performance, avg_merit, surname_concentration, city_concentration, school_concentration, college_concentration, promoted_share_connected, raw_nepotism_risk_score, manager_count, department_nepotism_risk_score"
MER-15,Merit-based,D02,5,1.0,0.0,0.6,0.0,20760.0,68.9,79.94,2,0.0899,0.2,0.4,0.2,0.4,0.0,0.1188,0.2586,83,0,16,"headcount, connected_employee_share, family_link_share, referral_share, promoted_share, avg_salary, avg_performance, avg_merit, surname_concentration, city_concentration, school_concentration, college_concentration, promoted_share_connected, raw_nepotism_risk_score, manager_count, department_nepotism_risk_score"
MOD-13,Moderate favoritism,D01,3,1.0,0.3333333333333333,0.6666666666666666,0.0,25366.666666666668,62.66666666666666,74.7,2,0.194,0.3333,1.0,0.3333,1.0,0.0,0.1687,0.2581,84,0,16,"headcount, connected_employee_share, family_link_share, referral_share, promoted_share, avg_salary, avg_performance, avg_merit, surname_concentration, city_concentration, school_concentration, college_concentration, promoted_share_connected, raw_nepotism_risk_score, manager_count, department_nepotism_risk_score"
MOD-09,Moderate favoritism,EXEC,1,1.0,0.0,0.0,0.0,53800.0,83.8,87.0,0,0.1774,1.0,1.0,1.0,1.0,0.0,0.1607,0.2561,85,0,16,"headcount, connected_employee_share, family_link_share, referral_share, promoted_share, avg_salary, avg_performance, avg_merit, surname_concentration, city_concentration, school_concentration, college_concentration, promoted_share_connected, raw_nepotism_risk_score, manager_count, department_nepotism_risk_score"
MER-06,Merit-based,D02,2,1.0,0.0,0.5,0.0,28700.0,78.7,94.05,2,0.0215,0.5,0.5,0.5,0.5,0.0,0.0861,0.2534,86,0,16,"headcount, connected_employee_share, family_link_share, referral_share, promoted_share, avg_salary, avg_performance, avg_merit, surname_concentration, city_concentration, school_concentration, college_concentration, promoted_share_connected, raw_nepotism_risk_score, manager_count, department_nepotism_risk_score"
HNR-02,High nepotism risk,D03,1,1.0,1.0,1.0,0.0,32500.0,70.4,81.8,1,0.2511,1.0,1.0,1.0,1.0,0.0,0.196,0.2482,87,0,16,"headcount, connected_employee_share, family_link_share, referral_share, promoted_share, avg_salary, avg_performance, avg_merit, surname_concentration, city_concentration, school_concentration, college_concentration, promoted_share_connected, raw_nepotism_risk_score, manager_count, department_nepotism_risk_score"
MER-09,Merit-based,D03,4,1.0,0.0,0.5,0.0,20150.0,66.07499999999999,82.75,2,0.0317,0.25,0.5,0.25,0.25,0.0,0.091,0.2448,88,0,16,"headcount, connected_employee_share, family_link_share, referral_share, promoted_share, avg_salary, avg_performance, avg_merit, surname_concentration, city_concentration, school_concentration, college_concentration, promoted_share_connected, raw_nepotism_risk_score, manager_count, department_nepotism_risk_score"
HNR-06,High nepotism risk,EXEC,1,1.0,0.0,0.0,0.0,53900.0,82.2,94.0,0,0.1774,1.0,1.0,1.0,1.0,0.0,0.1607,0.2411,89,0,16,"headcount, connected_employee_share, family_link_share, referral_share, promoted_share, avg_salary, avg_performance, avg_merit, surname_concentration, city_concentration, school_concentration, college_concentration, promoted_share_connected, raw_nepotism_risk_score, manager_count, department_nepotism_risk_score"
MER-13,Merit-based,D02,2,1.0,0.5,0.0,0.0,29000.0,79.80000000000001,94.05,2,0.1075,0.5,0.5,0.5,0.5,0.0,0.1273,0.2403,90,0,16,"headcount, connected_employee_share, family_link_share, referral_share, promoted_share, avg_salary, avg_performance, avg_merit, surname_concentration, city_concentration, school_concentration, college_concentration, promoted_share_connected, raw_nepotism_risk_score, manager_count, department_nepotism_risk_score"
MOD-03,Moderate favoritism,EXEC,1,1.0,0.0,1.0,0.0,49600.0,62.2,85.7,0,0.1283,1.0,1.0,1.0,1.0,0.0,0.1372,0.2357,91,0,16,"headcount, connected_employee_share, family_link_share, referral_share, promoted_share, avg_salary, avg_performance, avg_merit, surname_concentration, city_concentration, school_concentration, college_concentration, promoted_share_connected, raw_nepotism_risk_score, manager_count, department_nepotism_risk_score"
HNR-16,High nepotism risk,D03,1,1.0,0.0,1.0,0.0,33300.0,64.9,74.4,1,0.2622,1.0,1.0,1.0,1.0,0.0,0.2013,0.2304,92,0,16,"headcount, connected_employee_share, family_link_share, referral_share, promoted_share, avg_salary, avg_performance, avg_merit, surname_concentration, city_concentration, school_concentration, college_concentration, promoted_share_connected, raw_nepotism_risk_score, manager_count, department_nepotism_risk_score"
HNR-01,High nepotism risk,D03,4,1.0,0.25,0.75,0.0,25100.0,66.35,80.95,2,0.0818,0.5,0.25,0.25,0.25,0.0,0.115,0.2275,93,0,16,"headcount, connected_employee_share, family_link_share, referral_share, promoted_share, avg_salary, avg_performance, avg_merit, surname_concentration, city_concentration, school_concentration, college_concentration, promoted_share_connected, raw_nepotism_risk_score, manager_count, department_nepotism_risk_score"
HNR-10,High nepotism risk,EXEC,1,1.0,0.0,1.0,0.0,48900.0,65.5,81.5,0,0.1283,1.0,1.0,1.0,1.0,0.0,0.1372,0.2234,94,0,16,"headcount, connected_employee_share, family_link_share, referral_share, promoted_share, avg_salary, avg_performance, avg_merit, surname_concentration, city_concentration, school_concentration, college_concentration, promoted_share_connected, raw_nepotism_risk_score, manager_count, department_nepotism_risk_score"
MOD-14,Moderate favoritism,D02,4,1.0,0.25,0.5,0.0,26350.0,76.575,86.475,2,0.0773,0.25,0.25,0.25,0.25,0.0,0.1128,0.2223,95,0,16,"headcount, connected_employee_share, family_link_share, referral_share, promoted_share, avg_salary, avg_performance, avg_merit, surname_concentration, city_concentration, school_concentration, college_concentration, promoted_share_connected, raw_nepotism_risk_score, manager_count, department_nepotism_risk_score"
HNR-06,High nepotism risk,D03,4,1.0,0.5,0.75,0.25,25650.0,70.9,79.525,2,0.1756,0.5,0.5,0.25,0.5,0.0,0.1598,0.2221,96,0,16,"headcount, connected_employee_share, family_link_share, referral_share, promoted_share, avg_salary, avg_performance, avg_merit, surname_concentration, city_concentration, school_concentration, college_concentration, promoted_share_connected, raw_nepotism_risk_score, manager_count, department_nepotism_risk_score"
HNR-02,High nepotism risk,D02,6,1.0,0.5,0.8333333333333334,0.0,21400.0,69.31666666666666,81.91666666666667,2,0.4189,0.3333,0.6667,0.3333,0.5,0.0,0.2763,0.2212,97,0,16,"headcount, connected_employee_share, family_link_share, referral_share, promoted_share, avg_salary, avg_performance, avg_merit, surname_concentration, city_concentration, school_concentration, college_concentration, promoted_share_connected, raw_nepotism_risk_score, manager_count, department_nepotism_risk_score"
HNR-03,High nepotism risk,EXEC,1,1.0,0.0,1.0,0.0,53100.0,76.1,80.6,0,0.3044,1.0,1.0,1.0,1.0,0.0,0.2215,0.2164,98,0,16,"headcount, connected_employee_share, family_link_share, referral_share, promoted_share, avg_salary, avg_performance, avg_merit, surname_concentration, city_concentration, school_concentration, college_concentration, promoted_share_connected, raw_nepotism_risk_score, manager_count, department_nepotism_risk_score"
MER-16,Merit-based,D03,3,1.0,0.0,0.3333333333333333,0.0,24666.666666666668,77.39999999999999,87.0,2,0.0567,0.6667,0.3333,0.3333,0.3333,0.0,0.1029,0.2156,99,0,16,"headcount, connected_employee_share, family_link_share, referral_share, promoted_share, avg_salary, avg_performance, avg_merit, surname_concentration, city_concentration, school_concentration, college_concentration, promoted_share_connected, raw_nepotism_risk_score, manager_count, department_nepotism_risk_score"
MER-02,Merit-based,D01,4,1.0,0.25,0.5,0.25,23150.0,71.0,85.35,2,0.1664,0.5,0.75,0.25,0.3333,0.25,0.1554,0.2127,100,0,16,"headcount, connected_employee_share, family_link_share, referral_share, promoted_share, avg_salary, avg_performance, avg_merit, surname_concentration, city_concentration, school_concentration, college_concentration, promoted_share_connected, raw_nepotism_risk_score, manager_count, department_nepotism_risk_score"
MOD-03,Moderate favoritism,D01,2,1.0,0.0,1.0,0.0,24700.0,71.05,76.55,2,0.264,0.5,1.0,1.0,1.0,0.0,0.2022,0.2126,101,0,16,"headcount, connected_employee_share, family_link_share, referral_share, promoted_share, avg_salary, avg_performance, avg_merit, surname_concentration, city_concentration, school_concentration, college_concentration, promoted_share_connected, raw_nepotism_risk_score, manager_count, department_nepotism_risk_score"
MER-09,Merit-based,D02,2,1.0,0.0,1.0,0.0,27900.0,72.44999999999999,82.0,2,0.0862,0.5,1.0,1.0,0.5,0.0,0.117,0.2107,102,0,16,"headcount, connected_employee_share, family_link_share, referral_share, promoted_share, avg_salary, avg_performance, avg_merit, surname_concentration, city_concentration, school_concentration, college_concentration, promoted_share_connected, raw_nepotism_risk_score, manager_count, department_nepotism_risk_score"
HNR-07,High nepotism risk,D02,3,1.0,0.6666666666666666,0.3333333333333333,0.0,22266.666666666668,69.23333333333333,83.7,2,0.171,0.6667,0.6667,0.3333,0.3333,0.0,0.1576,0.2096,103,0,16,"headcount, connected_employee_share, family_link_share, referral_share, promoted_share, avg_salary, avg_performance, avg_merit, surname_concentration, city_concentration, school_concentration, college_concentration, promoted_share_connected, raw_nepotism_risk_score, manager_count, department_nepotism_risk_score"
MOD-05,Moderate favoritism,D01,1,1.0,0.0,0.0,0.0,34800.0,82.5,91.8,1,0.1704,1.0,1.0,1.0,1.0,0.0,0.1574,0.2054,104,0,16,"headcount, connected_employee_share, family_link_share, referral_share, promoted_share, avg_salary, avg_performance, avg_merit, surname_concentration, city_concentration, school_concentration, college_concentration, promoted_share_connected, raw_nepotism_risk_score, manager_count, department_nepotism_risk_score"
HNR-16,High nepotism risk,D02,4,1.0,0.25,0.5,0.0,21175.0,64.225,78.575,2,0.3168,0.25,1.0,0.75,0.5,0.0,0.2274,0.205,105,0,16,"headcount, connected_employee_share, family_link_share, referral_share, promoted_share, avg_salary, avg_performance, avg_merit, surname_concentration, city_concentration, school_concentration, college_concentration, promoted_share_connected, raw_nepotism_risk_score, manager_count, department_nepotism_risk_score"
HNR-14,High nepotism risk,EXEC,1,1.0,0.0,1.0,0.0,53100.0,75.8,92.2,0,0.3044,1.0,1.0,1.0,1.0,0.0,0.2215,0.1956,106,0,16,"headcount, connected_employee_share, family_link_share, referral_share, promoted_share, avg_salary, avg_performance, avg_merit, surname_concentration, city_concentration, school_concentration, college_concentration, promoted_share_connected, raw_nepotism_risk_score, manager_count, department_nepotism_risk_score"
MOD-11,Moderate favoritism,EXEC,1,1.0,0.0,0.0,0.0,51100.0,67.8,88.7,0,0.2821,1.0,1.0,1.0,1.0,0.0,0.2108,0.1947,107,0,16,"headcount, connected_employee_share, family_link_share, referral_share, promoted_share, avg_salary, avg_performance, avg_merit, surname_concentration, city_concentration, school_concentration, college_concentration, promoted_share_connected, raw_nepotism_risk_score, manager_count, department_nepotism_risk_score"
MER-08,Merit-based,D02,1,1.0,0.0,1.0,0.0,33400.0,71.8,81.9,1,0.3242,1.0,1.0,1.0,1.0,0.0,0.231,0.1894,108,0,16,"headcount, connected_employee_share, family_link_share, referral_share, promoted_share, avg_salary, avg_performance, avg_merit, surname_concentration, city_concentration, school_concentration, college_concentration, promoted_share_connected, raw_nepotism_risk_score, manager_count, department_nepotism_risk_score"
MOD-01,Moderate favoritism,D02,5,1.0,0.0,0.4,0.0,24180.0,68.76,84.74000000000001,2,0.0858,0.2,0.4,0.2,0.25,0.0,0.1168,0.1893,109,0,16,"headcount, connected_employee_share, family_link_share, referral_share, promoted_share, avg_salary, avg_performance, avg_merit, surname_concentration, city_concentration, school_concentration, college_concentration, promoted_share_connected, raw_nepotism_risk_score, manager_count, department_nepotism_risk_score"
HNR-07,High nepotism risk,EXEC,1,1.0,0.0,1.0,0.0,53100.0,77.1,87.3,0,0.3044,1.0,1.0,1.0,1.0,0.0,0.2215,0.1858,110,0,16,"headcount, connected_employee_share, family_link_share, referral_share, promoted_share, avg_salary, avg_performance, avg_merit, surname_concentration, city_concentration, school_concentration, college_concentration, promoted_share_connected, raw_nepotism_risk_score, manager_count, department_nepotism_risk_score"
HNR-11,High nepotism risk,EXEC,1,1.0,0.0,1.0,0.0,53100.0,78.7,93.6,0,0.1283,1.0,1.0,1.0,1.0,0.0,0.1372,0.1857,111,0,16,"headcount, connected_employee_share, family_link_share, referral_share, promoted_share, avg_salary, avg_performance, avg_merit, surname_concentration, city_concentration, school_concentration, college_concentration, promoted_share_connected, raw_nepotism_risk_score, manager_count, department_nepotism_risk_score"
MER-01,Merit-based,D01,5,1.0,0.0,0.2,0.0,24520.0,70.74,87.34,2,0.2195,0.2,0.8,0.8,0.4,0.0,0.1809,0.1853,112,0,16,"headcount, connected_employee_share, family_link_share, referral_share, promoted_share, avg_salary, avg_performance, avg_merit, surname_concentration, city_concentration, school_concentration, college_concentration, promoted_share_connected, raw_nepotism_risk_score, manager_count, department_nepotism_risk_score"
MOD-14,Moderate favoritism,D03,7,1.0,0.1428571428571428,0.5714285714285714,0.0,24457.14285714286,73.18571428571428,89.14285714285714,2,0.329,0.2857,0.5714,0.2857,0.3333,0.0,0.2333,0.1853,112,0,16,"headcount, connected_employee_share, family_link_share, referral_share, promoted_share, avg_salary, avg_performance, avg_merit, surname_concentration, city_concentration, school_concentration, college_concentration, promoted_share_connected, raw_nepotism_risk_score, manager_count, department_nepotism_risk_score"
HNR-04,High nepotism risk,D01,2,1.0,0.5,0.5,0.0,24300.0,70.75,83.4,2,0.293,0.5,1.0,1.0,1.0,0.0,0.216,0.1852,113,0,16,"headcount, connected_employee_share, family_link_share, referral_share, promoted_share, avg_salary, avg_performance, avg_merit, surname_concentration, city_concentration, school_concentration, college_concentration, promoted_share_connected, raw_nepotism_risk_score, manager_count, department_nepotism_risk_score"
MOD-02,Moderate favoritism,D03,2,1.0,0.5,0.5,0.0,21950.0,62.650000000000006,83.5,2,0.2734,0.5,1.0,0.5,1.0,0.0,0.2066,0.1832,114,0,16,"headcount, connected_employee_share, family_link_share, referral_share, promoted_share, avg_salary, avg_performance, avg_merit, surname_concentration, city_concentration, school_concentration, college_concentration, promoted_share_connected, raw_nepotism_risk_score, manager_count, department_nepotism_risk_score"
MER-14,Merit-based,D03,8,1.0,0.0,0.25,0.0,20962.5,69.575,84.4,2,0.268,0.25,0.625,0.5,0.25,0.0,0.2041,0.1831,115,0,16,"headcount, connected_employee_share, family_link_share, referral_share, promoted_share, avg_salary, avg_performance, avg_merit, surname_concentration, city_concentration, school_concentration, college_concentration, promoted_share_connected, raw_nepotism_risk_score, manager_count, department_nepotism_risk_score"
MOD-16,Moderate favoritism,D01,1,1.0,0.0,0.0,0.0,32400.0,63.4,92.8,1,0.1283,1.0,1.0,1.0,1.0,0.0,0.1372,0.183,116,0,16,"headcount, connected_employee_share, family_link_share, referral_share, promoted_share, avg_salary, avg_performance, avg_merit, surname_concentration, city_concentration, school_concentration, college_concentration, promoted_share_connected, raw_nepotism_risk_score, manager_count, department_nepotism_risk_score"
HNR-13,High nepotism risk,D02,1,1.0,0.0,1.0,0.0,34500.0,76.3,89.7,1,0.2622,1.0,1.0,1.0,1.0,0.0,0.2013,0.1827,117,0,16,"headcount, connected_employee_share, family_link_share, referral_share, promoted_share, avg_salary, avg_performance, avg_merit, surname_concentration, city_concentration, school_concentration, college_concentration, promoted_share_connected, raw_nepotism_risk_score, manager_count, department_nepotism_risk_score"
MER-11,Merit-based,D01,4,1.0,0.25,0.5,0.0,25525.0,72.925,84.85,2,0.0454,0.25,0.25,0.25,0.3333,0.0,0.0975,0.1788,118,0,16,"headcount, connected_employee_share, family_link_share, referral_share, promoted_share, avg_salary, avg_performance, avg_merit, surname_concentration, city_concentration, school_concentration, college_concentration, promoted_share_connected, raw_nepotism_risk_score, manager_count, department_nepotism_risk_score"
HNR-13,High nepotism risk,D01,1,1.0,0.0,1.0,0.0,33200.0,66.1,80.2,1,0.3044,1.0,1.0,1.0,1.0,0.0,0.2215,0.1781,119,0,16,"headcount, connected_employee_share, family_link_share, referral_share, promoted_share, avg_salary, avg_performance, avg_merit, surname_concentration, city_concentration, school_concentration, college_concentration, promoted_share_connected, raw_nepotism_risk_score, manager_count, department_nepotism_risk_score"
MER-09,Merit-based,D01,6,1.0,0.0,0.1666666666666666,0.1666666666666666,23133.33333333333,70.23333333333333,84.0,2,0.1654,0.3333,0.3333,0.3333,0.3333,0.0,0.155,0.1781,119,0,16,"headcount, connected_employee_share, family_link_share, referral_share, promoted_share, avg_salary, avg_performance, avg_merit, surname_concentration, city_concentration, school_concentration, college_concentration, promoted_share_connected, raw_nepotism_risk_score, manager_count, department_nepotism_risk_score"
HNR-14,High nepotism risk,D03,3,1.0,0.3333333333333333,1.0,0.0,26933.33333333333,72.16666666666667,80.3,2,0.2285,0.3333,1.0,0.6667,1.0,0.0,0.1852,0.1772,120,0,16,"headcount, connected_employee_share, family_link_share, referral_share, promoted_share, avg_salary, avg_performance, avg_merit, surname_concentration, city_concentration, school_concentration, college_concentration, promoted_share_connected, raw_nepotism_risk_score, manager_count, department_nepotism_risk_score"
MER-04,Merit-based,EXEC,1,1.0,0.0,0.0,0.0,48900.0,66.8,89.8,0,0.1283,1.0,1.0,1.0,1.0,0.0,0.1372,0.1717,121,0,16,"headcount, connected_employee_share, family_link_share, referral_share, promoted_share, avg_salary, avg_performance, avg_merit, surname_concentration, city_concentration, school_concentration, college_concentration, promoted_share_connected, raw_nepotism_risk_score, manager_count, department_nepotism_risk_score"
MOD-15,Moderate favoritism,D02,2,1.0,0.5,1.0,0.0,27500.0,69.2,88.15,2,0.2719,0.5,1.0,0.5,0.5,0.0,0.2059,0.1708,122,0,16,"headcount, connected_employee_share, family_link_share, referral_share, promoted_share, avg_salary, avg_performance, avg_merit, surname_concentration, city_concentration, school_concentration, college_concentration, promoted_share_connected, raw_nepotism_risk_score, manager_count, department_nepotism_risk_score"
MER-03,Merit-based,D02,7,1.0,0.0,0.4285714285714285,0.0,22071.42857142857,68.05714285714285,85.98571428571428,2,0.2765,0.1429,0.5714,0.2857,0.3333,0.0,0.2082,0.1703,123,0,16,"headcount, connected_employee_share, family_link_share, referral_share, promoted_share, avg_salary, avg_performance, avg_merit, surname_concentration, city_concentration, school_concentration, college_concentration, promoted_share_connected, raw_nepotism_risk_score, manager_count, department_nepotism_risk_score"
MER-11,Merit-based,D02,4,1.0,0.5,0.0,0.0,25875.0,75.975,85.325,2,0.1976,0.5,0.75,0.25,0.5,0.0,0.1704,0.1672,124,0,16,"headcount, connected_employee_share, family_link_share, referral_share, promoted_share, avg_salary, avg_performance, avg_merit, surname_concentration, city_concentration, school_concentration, college_concentration, promoted_share_connected, raw_nepotism_risk_score, manager_count, department_nepotism_risk_score"
HNR-13,High nepotism risk,EXEC,1,1.0,0.0,1.0,0.0,49200.0,66.9,88.2,0,0.2622,1.0,1.0,1.0,1.0,0.0,0.2013,0.1632,125,0,16,"headcount, connected_employee_share, family_link_share, referral_share, promoted_share, avg_salary, avg_performance, avg_merit, surname_concentration, city_concentration, school_concentration, college_concentration, promoted_share_connected, raw_nepotism_risk_score, manager_count, department_nepotism_risk_score"
MER-07,Merit-based,EXEC,1,1.0,0.0,0.0,0.0,52700.0,81.8,92.3,0,0.1283,1.0,1.0,1.0,1.0,0.0,0.1372,0.1569,126,0,16,"headcount, connected_employee_share, family_link_share, referral_share, promoted_share, avg_salary, avg_performance, avg_merit, surname_concentration, city_concentration, school_concentration, college_concentration, promoted_share_connected, raw_nepotism_risk_score, manager_count, department_nepotism_risk_score"
MER-12,Merit-based,D02,3,1.0,0.0,0.3333333333333333,0.0,26433.33333333333,71.3,87.06666666666666,2,0.0,0.3333,0.3333,0.3333,0.3333,0.0,0.0758,0.1558,127,0,16,"headcount, connected_employee_share, family_link_share, referral_share, promoted_share, avg_salary, avg_performance, avg_merit, surname_concentration, city_concentration, school_concentration, college_concentration, promoted_share_connected, raw_nepotism_risk_score, manager_count, department_nepotism_risk_score"
HNR-02,High nepotism risk,D01,3,1.0,0.3333333333333333,0.6666666666666666,0.0,27033.33333333333,75.03333333333333,87.89999999999999,2,0.1332,0.3333,1.0,0.3333,0.3333,0.0,0.1395,0.1553,128,0,16,"headcount, connected_employee_share, family_link_share, referral_share, promoted_share, avg_salary, avg_performance, avg_merit, surname_concentration, city_concentration, school_concentration, college_concentration, promoted_share_connected, raw_nepotism_risk_score, manager_count, department_nepotism_risk_score"
MER-04,Merit-based,D01,3,1.0,0.0,0.6666666666666666,0.0,26600.0,70.73333333333333,85.8,2,0.0164,0.3333,0.3333,0.3333,0.3333,0.0,0.0836,0.1542,129,0,16,"headcount, connected_employee_share, family_link_share, referral_share, promoted_share, avg_salary, avg_performance, avg_merit, surname_concentration, city_concentration, school_concentration, college_concentration, promoted_share_connected, raw_nepotism_risk_score, manager_count, department_nepotism_risk_score"
MER-15,Merit-based,D01,3,1.0,0.0,0.3333333333333333,0.0,26100.0,71.66666666666667,85.7,2,0.0751,0.3333,0.3333,0.3333,1.0,0.0,0.1117,0.1527,130,0,16,"headcount, connected_employee_share, family_link_share, referral_share, promoted_share, avg_salary, avg_performance, avg_merit, surname_concentration, city_concentration, school_concentration, college_concentration, promoted_share_connected, raw_nepotism_risk_score, manager_count, department_nepotism_risk_score"
HNR-16,High nepotism risk,D01,1,1.0,0.0,0.0,0.0,34600.0,74.9,82.4,1,0.2195,1.0,1.0,1.0,1.0,0.0,0.1809,0.1522,131,0,16,"headcount, connected_employee_share, family_link_share, referral_share, promoted_share, avg_salary, avg_performance, avg_merit, surname_concentration, city_concentration, school_concentration, college_concentration, promoted_share_connected, raw_nepotism_risk_score, manager_count, department_nepotism_risk_score"
HNR-16,High nepotism risk,EXEC,1,1.0,0.0,1.0,0.0,51400.0,70.1,86.1,0,0.2195,1.0,1.0,1.0,1.0,0.0,0.1809,0.1512,132,0,16,"headcount, connected_employee_share, family_link_share, referral_share, promoted_share, avg_salary, avg_performance, avg_merit, surname_concentration, city_concentration, school_concentration, college_concentration, promoted_share_connected, raw_nepotism_risk_score, manager_count, department_nepotism_risk_score"
MOD-05,Moderate favoritism,EXEC,1,1.0,0.0,1.0,0.0,49400.0,71.1,85.9,0,0.3044,1.0,1.0,1.0,1.0,0.0,0.2215,0.1489,133,0,16,"headcount, connected_employee_share, family_link_share, referral_share, promoted_share, avg_salary, avg_performance, avg_merit, surname_concentration, city_concentration, school_concentration, college_concentration, promoted_share_connected, raw_nepotism_risk_score, manager_count, department_nepotism_risk_score"
MER-10,Merit-based,D03,3,1.0,0.3333333333333333,0.3333333333333333,0.0,26400.0,71.06666666666666,87.56666666666666,2,0.0562,0.3333,0.3333,0.3333,0.6667,0.0,0.1027,0.1476,134,0,16,"headcount, connected_employee_share, family_link_share, referral_share, promoted_share, avg_salary, avg_performance, avg_merit, surname_concentration, city_concentration, school_concentration, college_concentration, promoted_share_connected, raw_nepotism_risk_score, manager_count, department_nepotism_risk_score"
MER-02,Merit-based,EXEC,1,1.0,0.0,1.0,0.0,49900.0,72.0,88.2,0,0.3044,1.0,1.0,1.0,1.0,0.0,0.2215,0.1475,135,0,16,"headcount, connected_employee_share, family_link_share, referral_share, promoted_share, avg_salary, avg_performance, avg_merit, surname_concentration, city_concentration, school_concentration, college_concentration, promoted_share_connected, raw_nepotism_risk_score, manager_count, department_nepotism_risk_score"
MOD-16,Moderate favoritism,EXEC,1,1.0,0.0,1.0,0.0,50800.0,69.0,85.4,0,0.1283,1.0,1.0,1.0,1.0,0.0,0.1372,0.1436,136,0,16,"headcount, connected_employee_share, family_link_share, referral_share, promoted_share, avg_salary, avg_performance, avg_merit, surname_concentration, city_concentration, school_concentration, college_concentration, promoted_share_connected, raw_nepotism_risk_score, manager_count, department_nepotism_risk_score"
HNR-09,High nepotism risk,D03,3,1.0,0.3333333333333333,0.6666666666666666,0.0,19666.666666666668,68.23333333333333,80.03333333333335,2,0.2069,0.3333,1.0,0.3333,0.6667,0.0,0.1748,0.1435,137,0,16,"headcount, connected_employee_share, family_link_share, referral_share, promoted_share, avg_salary, avg_performance, avg_merit, surname_concentration, city_concentration, school_concentration, college_concentration, promoted_share_connected, raw_nepotism_risk_score, manager_count, department_nepotism_risk_score"
HNR-12,High nepotism risk,D03,2,1.0,0.0,1.0,0.0,28850.0,73.35,83.35,2,0.1681,0.5,1.0,0.5,0.5,0.0,0.1562,0.1367,138,0,16,"headcount, connected_employee_share, family_link_share, referral_share, promoted_share, avg_salary, avg_performance, avg_merit, surname_concentration, city_concentration, school_concentration, college_concentration, promoted_share_connected, raw_nepotism_risk_score, manager_count, department_nepotism_risk_score"
MER-07,Merit-based,D03,1,1.0,0.0,0.0,0.0,32400.0,66.6,88.8,1,0.1704,1.0,1.0,1.0,1.0,0.0,0.1574,0.1366,139,0,16,"headcount, connected_employee_share, family_link_share, referral_share, promoted_share, avg_salary, avg_performance, avg_merit, surname_concentration, city_concentration, school_concentration, college_concentration, promoted_share_connected, raw_nepotism_risk_score, manager_count, department_nepotism_risk_score"
MOD-07,Moderate favoritism,EXEC,1,1.0,0.0,1.0,0.0,51800.0,76.1,87.0,0,0.2622,1.0,1.0,1.0,1.0,0.0,0.2013,0.1346,140,0,16,"headcount, connected_employee_share, family_link_share, referral_share, promoted_share, avg_salary, avg_performance, avg_merit, surname_concentration, city_concentration, school_concentration, college_concentration, promoted_share_connected, raw_nepotism_risk_score, manager_count, department_nepotism_risk_score"
MOD-03,Moderate favoritism,D03,2,1.0,0.0,0.0,0.0,28450.0,72.4,88.85,2,0.1093,0.5,1.0,0.5,1.0,0.0,0.1281,0.1332,141,0,16,"headcount, connected_employee_share, family_link_share, referral_share, promoted_share, avg_salary, avg_performance, avg_merit, surname_concentration, city_concentration, school_concentration, college_concentration, promoted_share_connected, raw_nepotism_risk_score, manager_count, department_nepotism_risk_score"
MER-01,Merit-based,EXEC,1,1.0,0.0,1.0,0.0,51400.0,71.8,89.2,0,0.2622,1.0,1.0,1.0,1.0,0.0,0.2013,0.1315,142,0,16,"headcount, connected_employee_share, family_link_share, referral_share, promoted_share, avg_salary, avg_performance, avg_merit, surname_concentration, city_concentration, school_concentration, college_concentration, promoted_share_connected, raw_nepotism_risk_score, manager_count, department_nepotism_risk_score"
HNR-12,High nepotism risk,D01,2,1.0,0.5,0.5,0.0,26750.0,61.9,84.45,2,0.1286,0.5,0.5,0.5,0.5,0.0,0.1373,0.1301,143,0,16,"headcount, connected_employee_share, family_link_share, referral_share, promoted_share, avg_salary, avg_performance, avg_merit, surname_concentration, city_concentration, school_concentration, college_concentration, promoted_share_connected, raw_nepotism_risk_score, manager_count, department_nepotism_risk_score"
MOD-08,Moderate favoritism,D02,2,1.0,0.0,0.0,0.0,23950.0,72.15,86.35,2,0.0215,0.5,0.5,0.5,0.5,0.0,0.0861,0.1289,144,0,16,"headcount, connected_employee_share, family_link_share, referral_share, promoted_share, avg_salary, avg_performance, avg_merit, surname_concentration, city_concentration, school_concentration, college_concentration, promoted_share_connected, raw_nepotism_risk_score, manager_count, department_nepotism_risk_score"
HNR-05,High nepotism risk,D03,1,1.0,0.0,1.0,0.0,33300.0,70.6,84.8,1,0.1283,1.0,1.0,1.0,1.0,0.0,0.1372,0.1281,145,0,16,"headcount, connected_employee_share, family_link_share, referral_share, promoted_share, avg_salary, avg_performance, avg_merit, surname_concentration, city_concentration, school_concentration, college_concentration, promoted_share_connected, raw_nepotism_risk_score, manager_count, department_nepotism_risk_score"
MOD-13,Moderate favoritism,EXEC,1,1.0,0.0,0.0,0.0,51900.0,74.9,93.9,0,0.1774,1.0,1.0,1.0,1.0,0.0,0.1607,0.1265,146,0,16,"headcount, connected_employee_share, family_link_share, referral_share, promoted_share, avg_salary, avg_performance, avg_merit, surname_concentration, city_concentration, school_concentration, college_concentration, promoted_share_connected, raw_nepotism_risk_score, manager_count, department_nepotism_risk_score"
HNR-10,High nepotism risk,D03,3,1.0,0.6666666666666666,0.3333333333333333,0.0,26233.33333333333,69.23333333333333,84.23333333333333,2,0.1351,0.3333,0.6667,0.3333,0.3333,0.0,0.1405,0.124,147,0,16,"headcount, connected_employee_share, family_link_share, referral_share, promoted_share, avg_salary, avg_performance, avg_merit, surname_concentration, city_concentration, school_concentration, college_concentration, promoted_share_connected, raw_nepotism_risk_score, manager_count, department_nepotism_risk_score"
MER-13,Merit-based,D03,5,1.0,0.2,0.2,0.0,25160.0,73.94,84.9,2,0.2708,0.2,0.8,0.6,0.4,0.0,0.2054,0.1202,148,0,16,"headcount, connected_employee_share, family_link_share, referral_share, promoted_share, avg_salary, avg_performance, avg_merit, surname_concentration, city_concentration, school_concentration, college_concentration, promoted_share_connected, raw_nepotism_risk_score, manager_count, department_nepotism_risk_score"
MER-02,Merit-based,D03,6,1.0,0.1666666666666666,0.1666666666666666,0.0,23916.666666666668,68.13333333333333,83.06666666666666,2,0.3255,0.1667,0.6667,0.5,0.4,0.0,0.2316,0.1148,149,0,16,"headcount, connected_employee_share, family_link_share, referral_share, promoted_share, avg_salary, avg_performance, avg_merit, surname_concentration, city_concentration, school_concentration, college_concentration, promoted_share_connected, raw_nepotism_risk_score, manager_count, department_nepotism_risk_score"
MOD-16,Moderate favoritism,D03,1,1.0,0.0,0.0,0.0,33000.0,70.9,95.4,1,0.1283,1.0,1.0,1.0,1.0,0.0,0.1372,0.1146,150,0,16,"headcount, connected_employee_share, family_link_share, referral_share, promoted_share, avg_salary, avg_performance, avg_merit, surname_concentration, city_concentration, school_concentration, college_concentration, promoted_share_connected, raw_nepotism_risk_score, manager_count, department_nepotism_risk_score"
MER-01,Merit-based,D02,2,1.0,0.5,0.5,0.0,27300.0,64.8,87.4,2,0.2084,0.5,1.0,0.5,0.5,0.0,0.1756,0.1126,151,0,16,"headcount, connected_employee_share, family_link_share, referral_share, promoted_share, avg_salary, avg_performance, avg_merit, surname_concentration, city_concentration, school_concentration, college_concentration, promoted_share_connected, raw_nepotism_risk_score, manager_count, department_nepotism_risk_score"
MOD-04,Moderate favoritism,D02,1,1.0,0.0,0.0,0.0,32100.0,66.7,88.2,1,0.1283,1.0,1.0,1.0,1.0,0.0,0.1372,0.1125,152,0,16,"headcount, connected_employee_share, family_link_share, referral_share, promoted_share, avg_salary, avg_performance, avg_merit, surname_concentration, city_concentration, school_concentration, college_concentration, promoted_share_connected, raw_nepotism_risk_score, manager_count, department_nepotism_risk_score"
HNR-06,High nepotism risk,D01,3,1.0,0.0,0.3333333333333333,0.0,27300.0,76.13333333333334,82.16666666666667,2,0.1183,0.3333,0.6667,0.6667,0.3333,0.0,0.1324,0.107,153,0,16,"headcount, connected_employee_share, family_link_share, referral_share, promoted_share, avg_salary, avg_performance, avg_merit, surname_concentration, city_concentration, school_concentration, college_concentration, promoted_share_connected, raw_nepotism_risk_score, manager_count, department_nepotism_risk_score"
MOD-11,Moderate favoritism,D01,2,1.0,0.5,0.5,0.0,28050.0,69.6,84.85,2,0.1727,0.5,0.5,0.5,1.0,0.0,0.1585,0.1051,154,0,16,"headcount, connected_employee_share, family_link_share, referral_share, promoted_share, avg_salary, avg_performance, avg_merit, surname_concentration, city_concentration, school_concentration, college_concentration, promoted_share_connected, raw_nepotism_risk_score, manager_count, department_nepotism_risk_score"
MOD-14,Moderate favoritism,D01,4,1.0,0.25,0.25,0.0,22250.0,66.225,82.575,2,0.2368,0.5,1.0,0.5,0.75,0.0,0.1891,0.105,155,0,16,"headcount, connected_employee_share, family_link_share, referral_share, promoted_share, avg_salary, avg_performance, avg_merit, surname_concentration, city_concentration, school_concentration, college_concentration, promoted_share_connected, raw_nepotism_risk_score, manager_count, department_nepotism_risk_score"
MER-06,Merit-based,D01,4,1.0,0.0,0.25,0.0,25325.0,72.05,88.075,2,0.1097,0.25,0.75,0.5,1.0,0.0,0.1283,0.1007,156,0,16,"headcount, connected_employee_share, family_link_share, referral_share, promoted_share, avg_salary, avg_performance, avg_merit, surname_concentration, city_concentration, school_concentration, college_concentration, promoted_share_connected, raw_nepotism_risk_score, manager_count, department_nepotism_risk_score"
MER-16,Merit-based,D02,2,1.0,0.5,0.0,0.0,28200.0,70.69999999999999,86.05000000000001,2,0.0929,0.5,0.5,0.5,0.5,0.0,0.1203,0.0933,157,0,16,"headcount, connected_employee_share, family_link_share, referral_share, promoted_share, avg_salary, avg_performance, avg_merit, surname_concentration, city_concentration, school_concentration, college_concentration, promoted_share_connected, raw_nepotism_risk_score, manager_count, department_nepotism_risk_score"
MOD-04,Moderate favoritism,D01,4,1.0,0.25,0.75,0.0,22200.0,67.5,82.25,2,0.1941,0.5,0.75,0.5,0.25,0.0,0.1687,0.0911,158,0,16,"headcount, connected_employee_share, family_link_share, referral_share, promoted_share, avg_salary, avg_performance, avg_merit, surname_concentration, city_concentration, school_concentration, college_concentration, promoted_share_connected, raw_nepotism_risk_score, manager_count, department_nepotism_risk_score"
MER-11,Merit-based,D03,1,1.0,0.0,0.0,0.0,33900.0,77.3,92.1,1,0.1283,1.0,1.0,1.0,1.0,0.0,0.1372,0.0896,159,0,16,"headcount, connected_employee_share, family_link_share, referral_share, promoted_share, avg_salary, avg_performance, avg_merit, surname_concentration, city_concentration, school_concentration, college_concentration, promoted_share_connected, raw_nepotism_risk_score, manager_count, department_nepotism_risk_score"
MOD-10,Moderate favoritism,D03,2,1.0,0.0,0.5,0.0,24250.0,66.55,87.4,2,0.09,0.5,0.5,0.5,1.0,0.0,0.1189,0.0875,160,0,16,"headcount, connected_employee_share, family_link_share, referral_share, promoted_share, avg_salary, avg_performance, avg_merit, surname_concentration, city_concentration, school_concentration, college_concentration, promoted_share_connected, raw_nepotism_risk_score, manager_count, department_nepotism_risk_score"
MER-14,Merit-based,EXEC,1,1.0,0.0,0.0,0.0,51200.0,70.8,89.2,0,0.1283,1.0,1.0,1.0,1.0,0.0,0.1372,0.0866,161,0,16,"headcount, connected_employee_share, family_link_share, referral_share, promoted_share, avg_salary, avg_performance, avg_merit, surname_concentration, city_concentration, school_concentration, college_concentration, promoted_share_connected, raw_nepotism_risk_score, manager_count, department_nepotism_risk_score"
MOD-14,Moderate favoritism,EXEC,1,1.0,0.0,0.0,0.0,51400.0,71.4,91.2,0,0.1283,1.0,1.0,1.0,1.0,0.0,0.1372,0.0834,162,0,16,"headcount, connected_employee_share, family_link_share, referral_share, promoted_share, avg_salary, avg_performance, avg_merit, surname_concentration, city_concentration, school_concentration, college_concentration, promoted_share_connected, raw_nepotism_risk_score, manager_count, department_nepotism_risk_score"
MOD-13,Moderate favoritism,D02,3,1.0,0.0,0.6666666666666666,0.0,26600.0,70.93333333333334,84.16666666666667,2,0.1347,0.3333,0.6667,0.3333,1.0,0.0,0.1403,0.0798,163,0,16,"headcount, connected_employee_share, family_link_share, referral_share, promoted_share, avg_salary, avg_performance, avg_merit, surname_concentration, city_concentration, school_concentration, college_concentration, promoted_share_connected, raw_nepotism_risk_score, manager_count, department_nepotism_risk_score"
MER-12,Merit-based,EXEC,1,1.0,0.0,0.0,0.0,52100.0,75.3,86.0,0,0.1283,1.0,1.0,1.0,1.0,0.0,0.1372,0.0793,164,0,16,"headcount, connected_employee_share, family_link_share, referral_share, promoted_share, avg_salary, avg_performance, avg_merit, surname_concentration, city_concentration, school_concentration, college_concentration, promoted_share_connected, raw_nepotism_risk_score, manager_count, department_nepotism_risk_score"
MOD-09,Moderate favoritism,D03,4,1.0,0.0,0.5,0.0,25025.0,70.25,82.275,2,0.0504,0.5,0.5,0.25,0.25,0.0,0.0999,0.0738,165,0,16,"headcount, connected_employee_share, family_link_share, referral_share, promoted_share, avg_salary, avg_performance, avg_merit, surname_concentration, city_concentration, school_concentration, college_concentration, promoted_share_connected, raw_nepotism_risk_score, manager_count, department_nepotism_risk_score"
MOD-12,Moderate favoritism,D03,1,1.0,0.0,0.0,0.0,33100.0,72.5,93.1,1,0.1283,1.0,1.0,1.0,1.0,0.0,0.1372,0.0736,166,0,16,"headcount, connected_employee_share, family_link_share, referral_share, promoted_share, avg_salary, avg_performance, avg_merit, surname_concentration, city_concentration, school_concentration, college_concentration, promoted_share_connected, raw_nepotism_risk_score, manager_count, department_nepotism_risk_score"
MER-05,Merit-based,D01,5,1.0,0.2,0.6,0.0,25040.0,70.52000000000001,86.05999999999999,2,0.2735,0.4,0.6,0.4,0.4,0.0,0.2067,0.0727,167,0,16,"headcount, connected_employee_share, family_link_share, referral_share, promoted_share, avg_salary, avg_performance, avg_merit, surname_concentration, city_concentration, school_concentration, college_concentration, promoted_share_connected, raw_nepotism_risk_score, manager_count, department_nepotism_risk_score"
MOD-07,Moderate favoritism,D02,3,1.0,0.3333333333333333,0.3333333333333333,0.0,26366.666666666668,73.5,87.56666666666666,2,0.094,0.3333,0.6667,0.6667,0.5,0.0,0.1208,0.0692,168,0,16,"headcount, connected_employee_share, family_link_share, referral_share, promoted_share, avg_salary, avg_performance, avg_merit, surname_concentration, city_concentration, school_concentration, college_concentration, promoted_share_connected, raw_nepotism_risk_score, manager_count, department_nepotism_risk_score"
HNR-15,High nepotism risk,D02,1,1.0,0.0,0.0,0.0,34600.0,73.6,90.5,1,0.1283,1.0,1.0,1.0,1.0,0.0,0.1372,0.0667,169,0,16,"headcount, connected_employee_share, family_link_share, referral_share, promoted_share, avg_salary, avg_performance, avg_merit, surname_concentration, city_concentration, school_concentration, college_concentration, promoted_share_connected, raw_nepotism_risk_score, manager_count, department_nepotism_risk_score"
MOD-01,Moderate favoritism,EXEC,1,1.0,0.0,0.0,0.0,51000.0,74.3,92.5,0,0.1283,1.0,1.0,1.0,1.0,0.0,0.1372,0.0646,170,0,16,"headcount, connected_employee_share, family_link_share, referral_share, promoted_share, avg_salary, avg_performance, avg_merit, surname_concentration, city_concentration, school_concentration, college_concentration, promoted_share_connected, raw_nepotism_risk_score, manager_count, department_nepotism_risk_score"
MOD-03,Moderate favoritism,D02,4,1.0,0.0,0.25,0.0,24950.0,69.95,88.425,2,0.0589,0.25,0.5,0.5,0.6667,0.0,0.104,0.0645,171,0,16,"headcount, connected_employee_share, family_link_share, referral_share, promoted_share, avg_salary, avg_performance, avg_merit, surname_concentration, city_concentration, school_concentration, college_concentration, promoted_share_connected, raw_nepotism_risk_score, manager_count, department_nepotism_risk_score"
MOD-12,Moderate favoritism,EXEC,1,1.0,0.0,0.0,0.0,52100.0,74.7,88.2,0,0.1283,1.0,1.0,1.0,1.0,0.0,0.1372,0.063,172,0,16,"headcount, connected_employee_share, family_link_share, referral_share, promoted_share, avg_salary, avg_performance, avg_merit, surname_concentration, city_concentration, school_concentration, college_concentration, promoted_share_connected, raw_nepotism_risk_score, manager_count, department_nepotism_risk_score"
HNR-03,High nepotism risk,D03,2,1.0,0.5,0.5,0.0,28450.0,70.75,87.4,2,0.083,0.5,0.5,0.5,0.5,0.0,0.1155,0.0612,173,0,16,"headcount, connected_employee_share, family_link_share, referral_share, promoted_share, avg_salary, avg_performance, avg_merit, surname_concentration, city_concentration, school_concentration, college_concentration, promoted_share_connected, raw_nepotism_risk_score, manager_count, department_nepotism_risk_score"
MOD-07,Moderate favoritism,D03,4,1.0,0.25,0.5,0.0,21375.0,70.575,86.95,2,0.209,0.5,0.75,0.5,0.75,0.0,0.1758,0.0594,174,0,16,"headcount, connected_employee_share, family_link_share, referral_share, promoted_share, avg_salary, avg_performance, avg_merit, surname_concentration, city_concentration, school_concentration, college_concentration, promoted_share_connected, raw_nepotism_risk_score, manager_count, department_nepotism_risk_score"
MER-15,Merit-based,EXEC,1,1.0,0.0,0.0,0.0,51400.0,74.9,92.3,0,0.1283,1.0,1.0,1.0,1.0,0.0,0.1372,0.0591,175,0,16,"headcount, connected_employee_share, family_link_share, referral_share, promoted_share, avg_salary, avg_performance, avg_merit, surname_concentration, city_concentration, school_concentration, college_concentration, promoted_share_connected, raw_nepotism_risk_score, manager_count, department_nepotism_risk_score"
MER-13,Merit-based,D01,5,1.0,0.2,0.2,0.0,22000.0,69.52000000000001,85.47999999999999,2,0.2067,0.4,0.6,0.4,0.4,0.0,0.1747,0.0533,176,0,16,"headcount, connected_employee_share, family_link_share, referral_share, promoted_share, avg_salary, avg_performance, avg_merit, surname_concentration, city_concentration, school_concentration, college_concentration, promoted_share_connected, raw_nepotism_risk_score, manager_count, department_nepotism_risk_score"
MOD-11,Moderate favoritism,D03,3,1.0,0.0,0.6666666666666666,0.0,23166.666666666668,69.06666666666666,79.76666666666667,2,0.0749,0.3333,0.6667,0.3333,0.5,0.0,0.1116,0.0533,176,0,16,"headcount, connected_employee_share, family_link_share, referral_share, promoted_share, avg_salary, avg_performance, avg_merit, surname_concentration, city_concentration, school_concentration, college_concentration, promoted_share_connected, raw_nepotism_risk_score, manager_count, department_nepotism_risk_score"
MOD-04,Moderate favoritism,D03,4,1.0,0.0,0.25,0.0,24725.0,69.475,85.8,2,0.0569,0.25,0.5,0.25,0.5,0.0,0.103,0.052,177,0,16,"headcount, connected_employee_share, family_link_share, referral_share, promoted_share, avg_salary, avg_performance, avg_merit, surname_concentration, city_concentration, school_concentration, college_concentration, promoted_share_connected, raw_nepotism_risk_score, manager_count, department_nepotism_risk_score"
HNR-08,High nepotism risk,D03,2,1.0,0.5,0.5,0.0,28550.0,72.44999999999999,82.45,2,0.114,0.5,0.5,0.5,0.5,0.0,0.1303,0.0501,178,0,16,"headcount, connected_employee_share, family_link_share, referral_share, promoted_share, avg_salary, avg_performance, avg_merit, surname_concentration, city_concentration, school_concentration, college_concentration, promoted_share_connected, raw_nepotism_risk_score, manager_count, department_nepotism_risk_score"
MER-01,Merit-based,D03,4,1.0,0.0,0.5,0.0,23575.0,72.65,89.25,2,0.068,0.5,0.5,0.25,0.5,0.0,0.1083,0.0475,179,0,16,"headcount, connected_employee_share, family_link_share, referral_share, promoted_share, avg_salary, avg_performance, avg_merit, surname_concentration, city_concentration, school_concentration, college_concentration, promoted_share_connected, raw_nepotism_risk_score, manager_count, department_nepotism_risk_score"
MOD-11,Moderate favoritism,D02,4,1.0,0.25,0.5,0.0,23625.0,71.275,84.5,2,0.1921,0.25,0.75,0.5,0.75,0.0,0.1678,0.0463,180,0,16,"headcount, connected_employee_share, family_link_share, referral_share, promoted_share, avg_salary, avg_performance, avg_merit, surname_concentration, city_concentration, school_concentration, college_concentration, promoted_share_connected, raw_nepotism_risk_score, manager_count, department_nepotism_risk_score"
MER-03,Merit-based,D03,4,1.0,0.0,0.5,0.0,24825.0,66.325,82.425,2,0.068,0.5,0.5,0.25,0.5,0.0,0.1083,0.0455,181,0,16,"headcount, connected_employee_share, family_link_share, referral_share, promoted_share, avg_salary, avg_performance, avg_merit, surname_concentration, city_concentration, school_concentration, college_concentration, promoted_share_connected, raw_nepotism_risk_score, manager_count, department_nepotism_risk_score"
MOD-10,Moderate favoritism,D01,2,1.0,0.5,0.5,0.0,28150.0,71.8,86.9,2,0.1499,0.5,0.5,0.5,0.5,0.0,0.1476,0.0385,182,0,16,"headcount, connected_employee_share, family_link_share, referral_share, promoted_share, avg_salary, avg_performance, avg_merit, surname_concentration, city_concentration, school_concentration, college_concentration, promoted_share_connected, raw_nepotism_risk_score, manager_count, department_nepotism_risk_score"
MER-14,Merit-based,D02,3,1.0,0.0,0.3333333333333333,0.0,26133.33333333333,69.43333333333334,89.5,2,0.1117,0.3333,0.6667,0.6667,0.5,0.0,0.1293,0.0384,183,0,16,"headcount, connected_employee_share, family_link_share, referral_share, promoted_share, avg_salary, avg_performance, avg_merit, surname_concentration, city_concentration, school_concentration, college_concentration, promoted_share_connected, raw_nepotism_risk_score, manager_count, department_nepotism_risk_score"
HNR-11,High nepotism risk,D02,2,1.0,0.5,0.5,0.0,27900.0,68.7,86.3,2,0.104,0.5,0.5,0.5,0.5,0.0,0.1256,0.0322,184,0,16,"headcount, connected_employee_share, family_link_share, referral_share, promoted_share, avg_salary, avg_performance, avg_merit, surname_concentration, city_concentration, school_concentration, college_concentration, promoted_share_connected, raw_nepotism_risk_score, manager_count, department_nepotism_risk_score"
MER-15,Merit-based,D03,4,1.0,0.0,0.25,0.0,24700.0,67.45,83.1,2,0.1773,0.5,0.75,0.5,0.6667,0.0,0.1606,0.0232,185,0,16,"headcount, connected_employee_share, family_link_share, referral_share, promoted_share, avg_salary, avg_performance, avg_merit, surname_concentration, city_concentration, school_concentration, college_concentration, promoted_share_connected, raw_nepotism_risk_score, manager_count, department_nepotism_risk_score"
MOD-15,Moderate favoritism,D03,4,1.0,0.0,0.5,0.0,25750.0,72.375,86.475,2,0.134,0.25,0.75,0.5,0.5,0.0,0.1399,0.0027,186,0,16,"headcount, connected_employee_share, family_link_share, referral_share, promoted_share, avg_salary, avg_performance, avg_merit, surname_concentration, city_concentration, school_concentration, college_concentration, promoted_share_connected, raw_nepotism_risk_score, manager_count, department_nepotism_risk_score"
MOD-08,Moderate favoritism,D03,2,1.0,0.0,0.5,0.0,27300.0,69.3,87.2,2,0.1195,0.5,0.5,0.5,0.5,0.0,0.133,0.0,187,0,16,"headcount, connected_employee_share, family_link_share, referral_share, promoted_share, avg_salary, avg_performance, avg_merit, surname_concentration, city_concentration, school_concentration, college_concentration, promoted_share_connected, raw_nepotism_risk_score, manager_count, department_nepotism_risk_score"
