company_id,scenario,manager_id,headcount,connected_employee_share,family_link_share,referral_share,promoted_share,avg_salary,avg_performance,avg_merit,manager_full_name,manager_department_id,manager_nepotism_risk_score,surname_concentration,city_concentration,school_concentration,college_concentration,promoted_share_connected,raw_nepotism_risk_score,anomaly_score,anomaly_rank,is_anomalous,model_feature_count,model_features_used
HNR-03,High nepotism risk,EHNR0300287,1,1.0,1.0,1.0,1.0,23300.0,71.3,67.2,Ofir Cohen,D02,0.4245,1.0,1.0,1.0,1.0,1.0,0.3298,1.0,1,1,15,"headcount, connected_employee_share, family_link_share, referral_share, promoted_share, avg_salary, avg_performance, avg_merit, surname_concentration, city_concentration, school_concentration, college_concentration, promoted_share_connected, raw_nepotism_risk_score, manager_nepotism_risk_score"
MOD-02,Moderate favoritism,EMOD0200007,1,1.0,1.0,0.0,1.0,22400.0,69.2,94.0,Dana Haddad,D01,0.1899,1.0,1.0,1.0,0.0,1.0,0.1952,0.9807,2,1,15,"headcount, connected_employee_share, family_link_share, referral_share, promoted_share, avg_salary, avg_performance, avg_merit, surname_concentration, city_concentration, school_concentration, college_concentration, promoted_share_connected, raw_nepotism_risk_score, manager_nepotism_risk_score"
HNR-11,High nepotism risk,EHNR1100185,8,1.0,0.375,0.875,0.375,22987.5,71.475,79.5,Daniel Dahan,D01,0.9309,0.375,0.875,0.875,0.5,0.375,0.6206,0.8487,3,1,15,"headcount, connected_employee_share, family_link_share, referral_share, promoted_share, avg_salary, avg_performance, avg_merit, surname_concentration, city_concentration, school_concentration, college_concentration, promoted_share_connected, raw_nepotism_risk_score, manager_nepotism_risk_score"
MER-05,Merit-based,EMER0500214,2,0.5,0.0,0.0,0.5,23500.0,80.75,89.9,Yair Amar,D02,0.009,0.5,0.5,0.5,1.0,0.0,0.0913,0.7935,4,1,15,"headcount, connected_employee_share, family_link_share, referral_share, promoted_share, avg_salary, avg_performance, avg_merit, surname_concentration, city_concentration, school_concentration, college_concentration, promoted_share_connected, raw_nepotism_risk_score, manager_nepotism_risk_score"
HNR-10,High nepotism risk,EHNR1000225,6,1.0,0.6666666666666666,1.0,0.0,18400.0,62.61666666666667,74.63333333333334,Lior Peretz,D02,1.0,0.3333,0.8333,0.8333,0.4,0.0,0.6603,0.7918,5,1,15,"headcount, connected_employee_share, family_link_share, referral_share, promoted_share, avg_salary, avg_performance, avg_merit, surname_concentration, city_concentration, school_concentration, college_concentration, promoted_share_connected, raw_nepotism_risk_score, manager_nepotism_risk_score"
HNR-15,High nepotism risk,EHNR1500041,2,1.0,0.5,0.5,0.5,12650.0,69.9,66.45,Omer Hassan,D01,0.2026,0.5,1.0,1.0,0.0,0.5,0.2024,0.7714,6,1,15,"headcount, connected_employee_share, family_link_share, referral_share, promoted_share, avg_salary, avg_performance, avg_merit, surname_concentration, city_concentration, school_concentration, college_concentration, promoted_share_connected, raw_nepotism_risk_score, manager_nepotism_risk_score"
HNR-14,High nepotism risk,EHNR1400116,13,1.0,0.3076923076923077,0.8461538461538461,0.2307692307692307,19838.46153846154,64.09230769230768,75.81538461538462,Yair Malka,D02,0.7275,0.1538,0.8462,0.6923,0.4,0.25,0.5038,0.7426,7,1,15,"headcount, connected_employee_share, family_link_share, referral_share, promoted_share, avg_salary, avg_performance, avg_merit, surname_concentration, city_concentration, school_concentration, college_concentration, promoted_share_connected, raw_nepotism_risk_score, manager_nepotism_risk_score"
MER-04,Merit-based,EMER0400106,3,1.0,0.6666666666666666,0.3333333333333333,0.6666666666666666,35100.0,78.06666666666666,84.46666666666667,Ariel Vaknin,EXEC,0.2462,0.3333,0.3333,0.3333,1.0,0.6667,0.2275,0.7116,8,1,15,"headcount, connected_employee_share, family_link_share, referral_share, promoted_share, avg_salary, avg_performance, avg_merit, surname_concentration, city_concentration, school_concentration, college_concentration, promoted_share_connected, raw_nepotism_risk_score, manager_nepotism_risk_score"
MOD-02,Moderate favoritism,EMOD0200208,1,1.0,1.0,0.0,0.0,9300.0,54.1,78.7,Omer Levi,D03,0.3382,1.0,1.0,1.0,1.0,0.0,0.2803,0.6555,9,1,15,"headcount, connected_employee_share, family_link_share, referral_share, promoted_share, avg_salary, avg_performance, avg_merit, surname_concentration, city_concentration, school_concentration, college_concentration, promoted_share_connected, raw_nepotism_risk_score, manager_nepotism_risk_score"
HNR-05,High nepotism risk,EHNR0500225,1,1.0,0.0,1.0,0.0,9400.0,54.1,62.0,Gal Mizrahi,D01,0.2007,1.0,1.0,1.0,1.0,0.0,0.2013,0.6354,10,1,15,"headcount, connected_employee_share, family_link_share, referral_share, promoted_share, avg_salary, avg_performance, avg_merit, surname_concentration, city_concentration, school_concentration, college_concentration, promoted_share_connected, raw_nepotism_risk_score, manager_nepotism_risk_score"
MOD-12,Moderate favoritism,EMOD1200072,5,1.0,0.6,0.6,0.2,20020.0,70.24,82.52000000000001,Ariel Katz,D02,0.6492,0.6,0.4,0.4,0.25,0.2,0.4589,0.6314,11,1,15,"headcount, connected_employee_share, family_link_share, referral_share, promoted_share, avg_salary, avg_performance, avg_merit, surname_concentration, city_concentration, school_concentration, college_concentration, promoted_share_connected, raw_nepotism_risk_score, manager_nepotism_risk_score"
MER-07,Merit-based,EMER0700132,2,1.0,0.0,0.0,0.5,21750.0,61.6,83.7,Yael Moyal,D02,0.1675,0.5,1.0,1.0,1.0,0.5,0.1823,0.6021,12,1,15,"headcount, connected_employee_share, family_link_share, referral_share, promoted_share, avg_salary, avg_performance, avg_merit, surname_concentration, city_concentration, school_concentration, college_concentration, promoted_share_connected, raw_nepotism_risk_score, manager_nepotism_risk_score"
MOD-10,Moderate favoritism,EMOD1000274,1,1.0,0.0,0.0,0.0,14400.0,62.9,78.8,Hila Azoulay,D03,0.051,1.0,1.0,1.0,0.0,0.0,0.1154,0.5822,13,1,15,"headcount, connected_employee_share, family_link_share, referral_share, promoted_share, avg_salary, avg_performance, avg_merit, surname_concentration, city_concentration, school_concentration, college_concentration, promoted_share_connected, raw_nepotism_risk_score, manager_nepotism_risk_score"
MER-05,Merit-based,EMER0500223,3,1.0,0.0,0.3333333333333333,0.6666666666666666,34900.0,78.96666666666667,91.16666666666669,Ori Katz,EXEC,0.1905,0.3333,0.6667,0.3333,0.3333,1.0,0.1955,0.5784,14,1,15,"headcount, connected_employee_share, family_link_share, referral_share, promoted_share, avg_salary, avg_performance, avg_merit, surname_concentration, city_concentration, school_concentration, college_concentration, promoted_share_connected, raw_nepotism_risk_score, manager_nepotism_risk_score"
HNR-08,High nepotism risk,EHNR0800084,5,1.0,0.4,1.0,0.0,15980.0,60.94,67.02000000000001,Einav Toledano,D02,0.6825,0.4,1.0,0.6,0.5,0.0,0.478,0.5776,15,1,15,"headcount, connected_employee_share, family_link_share, referral_share, promoted_share, avg_salary, avg_performance, avg_merit, surname_concentration, city_concentration, school_concentration, college_concentration, promoted_share_connected, raw_nepotism_risk_score, manager_nepotism_risk_score"
HNR-14,High nepotism risk,EHNR1400028,2,1.0,0.5,0.5,0.0,12050.0,62.15,71.05,Ariel Levi,D01,0.0878,1.0,0.5,0.5,0.5,0.0,0.1365,0.5677,16,1,15,"headcount, connected_employee_share, family_link_share, referral_share, promoted_share, avg_salary, avg_performance, avg_merit, surname_concentration, city_concentration, school_concentration, college_concentration, promoted_share_connected, raw_nepotism_risk_score, manager_nepotism_risk_score"
HNR-03,High nepotism risk,EHNR0300157,6,1.0,0.5,1.0,0.0,19133.33333333333,65.43333333333334,78.78333333333333,Neta Katz,D01,0.8058,0.5,1.0,0.3333,0.6667,0.0,0.5488,0.5601,17,1,15,"headcount, connected_employee_share, family_link_share, referral_share, promoted_share, avg_salary, avg_performance, avg_merit, surname_concentration, city_concentration, school_concentration, college_concentration, promoted_share_connected, raw_nepotism_risk_score, manager_nepotism_risk_score"
MER-07,Merit-based,EMER0700068,1,1.0,0.0,0.0,0.0,24300.0,83.2,89.1,Dana Dahan,D01,0.0919,1.0,1.0,1.0,0.0,0.0,0.1389,0.5546,18,0,15,"headcount, connected_employee_share, family_link_share, referral_share, promoted_share, avg_salary, avg_performance, avg_merit, surname_concentration, city_concentration, school_concentration, college_concentration, promoted_share_connected, raw_nepotism_risk_score, manager_nepotism_risk_score"
MOD-09,Moderate favoritism,EMOD0900139,3,1.0,0.3333333333333333,0.0,0.6666666666666666,20233.33333333333,72.33333333333333,91.06666666666666,Noam Haddad,D01,0.1888,0.3333,0.6667,0.3333,0.3333,1.0,0.1945,0.5524,19,0,15,"headcount, connected_employee_share, family_link_share, referral_share, promoted_share, avg_salary, avg_performance, avg_merit, surname_concentration, city_concentration, school_concentration, college_concentration, promoted_share_connected, raw_nepotism_risk_score, manager_nepotism_risk_score"
HNR-09,High nepotism risk,EHNR0900134,5,1.0,0.2,0.8,0.0,14440.0,65.84,78.44,David Mizrahi,D01,0.667,0.2,1.0,1.0,0.4,0.0,0.4691,0.5518,20,0,15,"headcount, connected_employee_share, family_link_share, referral_share, promoted_share, avg_salary, avg_performance, avg_merit, surname_concentration, city_concentration, school_concentration, college_concentration, promoted_share_connected, raw_nepotism_risk_score, manager_nepotism_risk_score"
HNR-03,High nepotism risk,EHNR0300313,3,1.0,1.0,1.0,0.3333333333333333,35066.666666666664,76.06666666666666,88.83333333333333,Gal Katz,EXEC,0.3433,0.3333,0.6667,0.6667,0.3333,0.3333,0.2832,0.5509,21,0,15,"headcount, connected_employee_share, family_link_share, referral_share, promoted_share, avg_salary, avg_performance, avg_merit, surname_concentration, city_concentration, school_concentration, college_concentration, promoted_share_connected, raw_nepotism_risk_score, manager_nepotism_risk_score"
MER-06,Merit-based,EMER0600272,6,0.8333333333333334,0.0,0.1666666666666666,0.0,22366.666666666668,72.05,84.5,Roee Gabay,D03,0.461,0.5,0.6667,0.5,0.4,0.0,0.3508,0.5315,22,0,15,"headcount, connected_employee_share, family_link_share, referral_share, promoted_share, avg_salary, avg_performance, avg_merit, surname_concentration, city_concentration, school_concentration, college_concentration, promoted_share_connected, raw_nepotism_risk_score, manager_nepotism_risk_score"
MOD-02,Moderate favoritism,EMOD0200148,1,1.0,0.0,0.0,0.0,9300.0,55.8,69.6,Yuval Cohen,D02,0.13,1.0,1.0,1.0,1.0,0.0,0.1607,0.5207,23,0,15,"headcount, connected_employee_share, family_link_share, referral_share, promoted_share, avg_salary, avg_performance, avg_merit, surname_concentration, city_concentration, school_concentration, college_concentration, promoted_share_connected, raw_nepotism_risk_score, manager_nepotism_risk_score"
MER-08,Merit-based,EMER0800230,1,1.0,0.0,0.0,0.0,14000.0,58.2,59.2,Omer Katz,D03,0.089,1.0,1.0,1.0,1.0,0.0,0.1372,0.5196,24,0,15,"headcount, connected_employee_share, family_link_share, referral_share, promoted_share, avg_salary, avg_performance, avg_merit, surname_concentration, city_concentration, school_concentration, college_concentration, promoted_share_connected, raw_nepotism_risk_score, manager_nepotism_risk_score"
HNR-13,High nepotism risk,EHNR1300264,3,1.0,0.3333333333333333,0.6666666666666666,0.3333333333333333,34200.0,72.7,82.03333333333335,Alon Cohen,EXEC,0.3695,0.3333,1.0,1.0,1.0,0.3333,0.2983,0.4972,25,0,15,"headcount, connected_employee_share, family_link_share, referral_share, promoted_share, avg_salary, avg_performance, avg_merit, surname_concentration, city_concentration, school_concentration, college_concentration, promoted_share_connected, raw_nepotism_risk_score, manager_nepotism_risk_score"
HNR-01,High nepotism risk,EHNR0100163,5,1.0,0.0,1.0,0.2,18360.0,67.34,79.5,Roee Abutbul,D01,0.6093,0.4,1.0,0.6,0.75,0.2,0.4359,0.4876,26,0,15,"headcount, connected_employee_share, family_link_share, referral_share, promoted_share, avg_salary, avg_performance, avg_merit, surname_concentration, city_concentration, school_concentration, college_concentration, promoted_share_connected, raw_nepotism_risk_score, manager_nepotism_risk_score"
MER-12,Merit-based,EMER1200193,5,1.0,0.2,0.2,0.2,18220.0,67.66,82.7,Dana Azoulay,D01,0.6158,0.4,1.0,0.6,0.75,0.2,0.4397,0.4822,27,0,15,"headcount, connected_employee_share, family_link_share, referral_share, promoted_share, avg_salary, avg_performance, avg_merit, surname_concentration, city_concentration, school_concentration, college_concentration, promoted_share_connected, raw_nepotism_risk_score, manager_nepotism_risk_score"
MOD-12,Moderate favoritism,EMOD1200005,7,1.0,0.1428571428571428,0.0,0.1428571428571428,22157.14285714286,68.04285714285714,87.38571428571429,Shira Vaknin,D01,0.4132,0.1429,0.7143,0.2857,0.3333,0.25,0.3233,0.4805,28,0,15,"headcount, connected_employee_share, family_link_share, referral_share, promoted_share, avg_salary, avg_performance, avg_merit, surname_concentration, city_concentration, school_concentration, college_concentration, promoted_share_connected, raw_nepotism_risk_score, manager_nepotism_risk_score"
HNR-04,High nepotism risk,EHNR0400095,3,1.0,0.6666666666666666,1.0,0.0,11433.333333333334,62.56666666666666,70.10000000000001,Tomer Sharabi,D03,0.3407,0.3333,1.0,0.3333,0.6667,0.0,0.2817,0.4602,29,0,15,"headcount, connected_employee_share, family_link_share, referral_share, promoted_share, avg_salary, avg_performance, avg_merit, surname_concentration, city_concentration, school_concentration, college_concentration, promoted_share_connected, raw_nepotism_risk_score, manager_nepotism_risk_score"
MER-10,Merit-based,EMER1000070,2,1.0,1.0,0.0,0.0,15050.0,74.45,83.3,Tal Malka,D01,0.2692,0.5,1.0,1.0,1.0,0.0,0.2407,0.4552,30,0,15,"headcount, connected_employee_share, family_link_share, referral_share, promoted_share, avg_salary, avg_performance, avg_merit, surname_concentration, city_concentration, school_concentration, college_concentration, promoted_share_connected, raw_nepotism_risk_score, manager_nepotism_risk_score"
MER-06,Merit-based,EMER0600053,1,1.0,0.0,1.0,0.0,23800.0,85.0,96.3,Roee Amar,D02,0.089,1.0,1.0,1.0,1.0,0.0,0.1372,0.4533,31,0,15,"headcount, connected_employee_share, family_link_share, referral_share, promoted_share, avg_salary, avg_performance, avg_merit, surname_concentration, city_concentration, school_concentration, college_concentration, promoted_share_connected, raw_nepotism_risk_score, manager_nepotism_risk_score"
HNR-11,High nepotism risk,EHNR1100311,3,1.0,0.6666666666666666,1.0,0.0,34333.333333333336,71.89999999999999,79.66666666666667,Yael Biton,EXEC,0.3967,0.6667,1.0,1.0,1.0,0.0,0.3139,0.4455,32,0,15,"headcount, connected_employee_share, family_link_share, referral_share, promoted_share, avg_salary, avg_performance, avg_merit, surname_concentration, city_concentration, school_concentration, college_concentration, promoted_share_connected, raw_nepotism_risk_score, manager_nepotism_risk_score"
MER-03,Merit-based,EMER0300065,5,0.8,0.0,0.2,0.0,19340.0,69.64,83.58,Yair Toledano,D01,0.2912,0.2,0.6,0.4,0.6,0.0,0.2533,0.4455,32,0,15,"headcount, connected_employee_share, family_link_share, referral_share, promoted_share, avg_salary, avg_performance, avg_merit, surname_concentration, city_concentration, school_concentration, college_concentration, promoted_share_connected, raw_nepotism_risk_score, manager_nepotism_risk_score"
MOD-01,Moderate favoritism,EMOD0100223,2,1.0,0.5,1.0,0.5,23100.0,73.6,86.6,Ido Peretz,D03,0.2058,0.5,0.5,0.5,0.5,0.5,0.2043,0.4453,33,0,15,"headcount, connected_employee_share, family_link_share, referral_share, promoted_share, avg_salary, avg_performance, avg_merit, surname_concentration, city_concentration, school_concentration, college_concentration, promoted_share_connected, raw_nepotism_risk_score, manager_nepotism_risk_score"
MER-08,Merit-based,EMER0800130,1,1.0,1.0,1.0,0.0,23500.0,76.2,76.4,Ofir Levi,D01,0.3382,1.0,1.0,1.0,1.0,0.0,0.2803,0.434,34,0,15,"headcount, connected_employee_share, family_link_share, referral_share, promoted_share, avg_salary, avg_performance, avg_merit, surname_concentration, city_concentration, school_concentration, college_concentration, promoted_share_connected, raw_nepotism_risk_score, manager_nepotism_risk_score"
MER-05,Merit-based,EMER0500252,8,1.0,0.125,0.25,0.0,22650.0,70.0125,86.2125,Noam Berkowitz,D03,0.4097,0.125,0.375,0.25,0.6,0.0,0.3213,0.4284,35,0,15,"headcount, connected_employee_share, family_link_share, referral_share, promoted_share, avg_salary, avg_performance, avg_merit, surname_concentration, city_concentration, school_concentration, college_concentration, promoted_share_connected, raw_nepotism_risk_score, manager_nepotism_risk_score"
HNR-06,High nepotism risk,EHNR0600167,8,1.0,0.125,0.75,0.125,19825.0,69.925,83.2375,Dana Sharabi,D02,0.5949,0.25,0.75,0.375,0.375,0.1667,0.4277,0.4152,36,0,15,"headcount, connected_employee_share, family_link_share, referral_share, promoted_share, avg_salary, avg_performance, avg_merit, surname_concentration, city_concentration, school_concentration, college_concentration, promoted_share_connected, raw_nepotism_risk_score, manager_nepotism_risk_score"
MER-02,Merit-based,EMER0200140,4,1.0,0.0,0.5,0.5,19025.0,72.1,82.8,Tamar Cohen,D02,0.2755,0.5,0.5,0.5,0.25,0.5,0.2443,0.4099,37,0,15,"headcount, connected_employee_share, family_link_share, referral_share, promoted_share, avg_salary, avg_performance, avg_merit, surname_concentration, city_concentration, school_concentration, college_concentration, promoted_share_connected, raw_nepotism_risk_score, manager_nepotism_risk_score"
HNR-04,High nepotism risk,EHNR0400002,1,1.0,1.0,1.0,0.0,14800.0,69.2,87.6,Daniel Mizrahi,D01,0.2489,1.0,1.0,1.0,1.0,0.0,0.229,0.3957,38,0,15,"headcount, connected_employee_share, family_link_share, referral_share, promoted_share, avg_salary, avg_performance, avg_merit, surname_concentration, city_concentration, school_concentration, college_concentration, promoted_share_connected, raw_nepotism_risk_score, manager_nepotism_risk_score"
MER-14,Merit-based,EMER1400027,8,1.0,0.0,0.0,0.125,21137.5,72.7125,84.2625,Lior Gabay,D01,0.3433,0.375,0.5,0.25,0.25,0.0,0.2832,0.3916,39,0,15,"headcount, connected_employee_share, family_link_share, referral_share, promoted_share, avg_salary, avg_performance, avg_merit, surname_concentration, city_concentration, school_concentration, college_concentration, promoted_share_connected, raw_nepotism_risk_score, manager_nepotism_risk_score"
HNR-12,High nepotism risk,EHNR1200006,1,1.0,1.0,0.0,0.0,21300.0,56.3,87.4,Maya Shapiro,D01,0.2324,1.0,1.0,1.0,1.0,0.0,0.2195,0.3815,40,0,15,"headcount, connected_employee_share, family_link_share, referral_share, promoted_share, avg_salary, avg_performance, avg_merit, surname_concentration, city_concentration, school_concentration, college_concentration, promoted_share_connected, raw_nepotism_risk_score, manager_nepotism_risk_score"
HNR-12,High nepotism risk,EHNR1200086,8,1.0,0.25,0.5,0.0,22337.5,68.1375,82.9125,Eitan Dahan,D02,0.6353,0.25,0.875,0.5,0.375,0.0,0.4509,0.3802,41,0,15,"headcount, connected_employee_share, family_link_share, referral_share, promoted_share, avg_salary, avg_performance, avg_merit, surname_concentration, city_concentration, school_concentration, college_concentration, promoted_share_connected, raw_nepotism_risk_score, manager_nepotism_risk_score"
HNR-08,High nepotism risk,EHNR0800032,2,1.0,1.0,1.0,0.0,14800.0,63.35,74.35,Hila Sasson,D01,0.327,0.5,1.0,0.5,0.5,0.0,0.2738,0.3793,42,0,15,"headcount, connected_employee_share, family_link_share, referral_share, promoted_share, avg_salary, avg_performance, avg_merit, surname_concentration, city_concentration, school_concentration, college_concentration, promoted_share_connected, raw_nepotism_risk_score, manager_nepotism_risk_score"
HNR-04,High nepotism risk,EHNR0400065,1,1.0,1.0,1.0,0.0,21700.0,62.2,73.5,Amit Katz,D02,0.2762,1.0,1.0,1.0,1.0,0.0,0.2447,0.3768,43,0,15,"headcount, connected_employee_share, family_link_share, referral_share, promoted_share, avg_salary, avg_performance, avg_merit, surname_concentration, city_concentration, school_concentration, college_concentration, promoted_share_connected, raw_nepotism_risk_score, manager_nepotism_risk_score"
MOD-07,Moderate favoritism,EMOD0700064,5,1.0,0.4,0.4,0.2,22600.0,69.03999999999999,81.78,David Mizrahi,D01,0.5033,0.2,0.8,0.6,0.6,0.2,0.3751,0.376,44,0,15,"headcount, connected_employee_share, family_link_share, referral_share, promoted_share, avg_salary, avg_performance, avg_merit, surname_concentration, city_concentration, school_concentration, college_concentration, promoted_share_connected, raw_nepotism_risk_score, manager_nepotism_risk_score"
MER-04,Merit-based,EMER0400170,2,1.0,0.0,0.5,0.5,22000.0,64.0,78.15,Itay Avraham,D03,0.0,0.5,0.5,0.5,0.5,0.0,0.0861,0.3706,45,0,15,"headcount, connected_employee_share, family_link_share, referral_share, promoted_share, avg_salary, avg_performance, avg_merit, surname_concentration, city_concentration, school_concentration, college_concentration, promoted_share_connected, raw_nepotism_risk_score, manager_nepotism_risk_score"
HNR-06,High nepotism risk,EHNR0600291,3,1.0,0.6666666666666666,1.0,0.3333333333333333,23133.33333333333,71.10000000000001,75.56666666666666,Ori Friedman,D03,0.2669,0.6667,0.6667,0.3333,0.3333,0.0,0.2393,0.3697,46,0,15,"headcount, connected_employee_share, family_link_share, referral_share, promoted_share, avg_salary, avg_performance, avg_merit, surname_concentration, city_concentration, school_concentration, college_concentration, promoted_share_connected, raw_nepotism_risk_score, manager_nepotism_risk_score"
HNR-10,High nepotism risk,EHNR1000186,3,1.0,1.0,0.6666666666666666,0.0,33833.333333333336,70.10000000000001,83.60000000000001,Maya Peretz,EXEC,0.4303,0.6667,1.0,0.6667,0.6667,0.0,0.3332,0.3663,47,0,15,"headcount, connected_employee_share, family_link_share, referral_share, promoted_share, avg_salary, avg_performance, avg_merit, surname_concentration, city_concentration, school_concentration, college_concentration, promoted_share_connected, raw_nepotism_risk_score, manager_nepotism_risk_score"
MER-01,Merit-based,EMER0100143,1,1.0,1.0,0.0,0.0,21000.0,57.0,79.1,Noam Dahan,D02,0.2324,1.0,1.0,1.0,1.0,0.0,0.2195,0.3619,48,0,15,"headcount, connected_employee_share, family_link_share, referral_share, promoted_share, avg_salary, avg_performance, avg_merit, surname_concentration, city_concentration, school_concentration, college_concentration, promoted_share_connected, raw_nepotism_risk_score, manager_nepotism_risk_score"
MOD-08,Moderate favoritism,EMOD0800083,3,1.0,0.3333333333333333,0.6666666666666666,0.3333333333333333,19866.666666666668,70.3,78.66666666666667,Dana Friedman,D01,0.1421,0.3333,0.3333,0.3333,0.5,0.5,0.1677,0.3613,49,0,15,"headcount, connected_employee_share, family_link_share, referral_share, promoted_share, avg_salary, avg_performance, avg_merit, surname_concentration, city_concentration, school_concentration, college_concentration, promoted_share_connected, raw_nepotism_risk_score, manager_nepotism_risk_score"
MOD-01,Moderate favoritism,EMOD0100186,4,1.0,0.0,0.25,0.0,22475.0,71.525,85.05000000000001,Daniel Avraham,D02,0.0755,0.25,0.25,0.25,0.25,0.0,0.1295,0.3505,50,0,15,"headcount, connected_employee_share, family_link_share, referral_share, promoted_share, avg_salary, avg_performance, avg_merit, surname_concentration, city_concentration, school_concentration, college_concentration, promoted_share_connected, raw_nepotism_risk_score, manager_nepotism_risk_score"
HNR-08,High nepotism risk,EHNR0800330,1,1.0,1.0,0.0,0.0,22500.0,67.8,72.9,Yair Cohen,D03,0.208,1.0,1.0,1.0,1.0,0.0,0.2055,0.3498,51,0,15,"headcount, connected_employee_share, family_link_share, referral_share, promoted_share, avg_salary, avg_performance, avg_merit, surname_concentration, city_concentration, school_concentration, college_concentration, promoted_share_connected, raw_nepotism_risk_score, manager_nepotism_risk_score"
MER-07,Merit-based,EMER0700109,3,1.0,0.0,0.3333333333333333,0.3333333333333333,33833.333333333336,73.66666666666667,91.6,Dana Malka,EXEC,0.0907,0.3333,0.3333,0.3333,0.6667,0.5,0.1382,0.3474,52,0,15,"headcount, connected_employee_share, family_link_share, referral_share, promoted_share, avg_salary, avg_performance, avg_merit, surname_concentration, city_concentration, school_concentration, college_concentration, promoted_share_connected, raw_nepotism_risk_score, manager_nepotism_risk_score"
MER-13,Merit-based,EMER1300137,3,1.0,1.0,0.3333333333333333,0.0,34100.0,74.53333333333335,90.2,Roee Friedman,EXEC,0.2906,0.6667,0.6667,0.6667,0.3333,0.0,0.2529,0.3455,53,0,15,"headcount, connected_employee_share, family_link_share, referral_share, promoted_share, avg_salary, avg_performance, avg_merit, surname_concentration, city_concentration, school_concentration, college_concentration, promoted_share_connected, raw_nepotism_risk_score, manager_nepotism_risk_score"
HNR-02,High nepotism risk,EHNR0200275,5,1.0,0.4,0.8,0.0,18660.0,66.36,79.76,Roee Haddad,D02,0.5279,0.4,0.6,0.4,0.6,0.0,0.3892,0.3431,54,0,15,"headcount, connected_employee_share, family_link_share, referral_share, promoted_share, avg_salary, avg_performance, avg_merit, surname_concentration, city_concentration, school_concentration, college_concentration, promoted_share_connected, raw_nepotism_risk_score, manager_nepotism_risk_score"
MOD-13,Moderate favoritism,EMOD1300135,4,1.0,0.0,0.5,0.25,22175.0,66.57499999999999,76.9,Amit Dayan,D03,0.382,0.25,0.75,0.75,0.5,0.25,0.3055,0.3427,55,0,15,"headcount, connected_employee_share, family_link_share, referral_share, promoted_share, avg_salary, avg_performance, avg_merit, surname_concentration, city_concentration, school_concentration, college_concentration, promoted_share_connected, raw_nepotism_risk_score, manager_nepotism_risk_score"
MER-03,Merit-based,EMER0300159,6,1.0,0.0,0.5,0.0,19966.666666666668,66.8,85.81666666666666,Tal Levi,D02,0.3141,0.1667,0.5,0.1667,0.4,0.0,0.2664,0.3399,56,0,15,"headcount, connected_employee_share, family_link_share, referral_share, promoted_share, avg_salary, avg_performance, avg_merit, surname_concentration, city_concentration, school_concentration, college_concentration, promoted_share_connected, raw_nepotism_risk_score, manager_nepotism_risk_score"
MER-16,Merit-based,EMER1600053,7,1.0,0.1428571428571428,0.1428571428571428,0.0,19142.85714285714,65.4857142857143,80.15714285714286,Hila Peretz,D01,0.4087,0.2857,0.4286,0.2857,0.5,0.0,0.3208,0.3339,57,0,15,"headcount, connected_employee_share, family_link_share, referral_share, promoted_share, avg_salary, avg_performance, avg_merit, surname_concentration, city_concentration, school_concentration, college_concentration, promoted_share_connected, raw_nepotism_risk_score, manager_nepotism_risk_score"
HNR-07,High nepotism risk,EHNR0700246,1,1.0,1.0,0.0,0.0,22000.0,66.0,89.9,Noam Shapiro,D03,0.1914,1.0,1.0,1.0,1.0,0.0,0.196,0.3251,58,0,15,"headcount, connected_employee_share, family_link_share, referral_share, promoted_share, avg_salary, avg_performance, avg_merit, surname_concentration, city_concentration, school_concentration, college_concentration, promoted_share_connected, raw_nepotism_risk_score, manager_nepotism_risk_score"
MOD-15,Moderate favoritism,EMOD1500115,1,1.0,0.0,1.0,0.0,23000.0,77.9,96.5,Lihi Levi,D01,0.2007,1.0,1.0,1.0,1.0,0.0,0.2013,0.306,59,0,15,"headcount, connected_employee_share, family_link_share, referral_share, promoted_share, avg_salary, avg_performance, avg_merit, surname_concentration, city_concentration, school_concentration, college_concentration, promoted_share_connected, raw_nepotism_risk_score, manager_nepotism_risk_score"
MER-13,Merit-based,EMER1300019,1,1.0,0.0,0.0,0.0,23100.0,76.2,98.4,Ariel Azoulay,D02,0.089,1.0,1.0,1.0,1.0,0.0,0.1372,0.3051,60,0,15,"headcount, connected_employee_share, family_link_share, referral_share, promoted_share, avg_salary, avg_performance, avg_merit, surname_concentration, city_concentration, school_concentration, college_concentration, promoted_share_connected, raw_nepotism_risk_score, manager_nepotism_risk_score"
MOD-10,Moderate favoritism,EMOD1000243,2,1.0,0.0,0.5,0.5,23000.0,70.95,88.25,Noa Azoulay,D02,0.0739,0.5,0.5,0.5,0.5,0.5,0.1285,0.3021,61,0,15,"headcount, connected_employee_share, family_link_share, referral_share, promoted_share, avg_salary, avg_performance, avg_merit, surname_concentration, city_concentration, school_concentration, college_concentration, promoted_share_connected, raw_nepotism_risk_score, manager_nepotism_risk_score"
MOD-13,Moderate favoritism,EMOD1300038,2,1.0,0.0,0.5,0.0,21100.0,56.85,73.05000000000001,Lior Levi,D01,0.1412,0.5,1.0,0.5,1.0,0.0,0.1672,0.299,62,0,15,"headcount, connected_employee_share, family_link_share, referral_share, promoted_share, avg_salary, avg_performance, avg_merit, surname_concentration, city_concentration, school_concentration, college_concentration, promoted_share_connected, raw_nepotism_risk_score, manager_nepotism_risk_score"
HNR-15,High nepotism risk,EHNR1500280,3,1.0,0.0,0.3333333333333333,0.3333333333333333,33800.0,73.39999999999999,88.26666666666667,Ariel Mizrahi,EXEC,0.0219,0.3333,0.3333,0.3333,0.3333,0.0,0.0987,0.2964,63,0,15,"headcount, connected_employee_share, family_link_share, referral_share, promoted_share, avg_salary, avg_performance, avg_merit, surname_concentration, city_concentration, school_concentration, college_concentration, promoted_share_connected, raw_nepotism_risk_score, manager_nepotism_risk_score"
MOD-10,Moderate favoritism,EMOD1000109,3,1.0,0.3333333333333333,1.0,0.0,34766.666666666664,76.23333333333333,88.36666666666667,Yuval Ohayon,EXEC,0.3249,0.6667,1.0,0.6667,0.6667,0.0,0.2727,0.2948,64,0,15,"headcount, connected_employee_share, family_link_share, referral_share, promoted_share, avg_salary, avg_performance, avg_merit, surname_concentration, city_concentration, school_concentration, college_concentration, promoted_share_connected, raw_nepotism_risk_score, manager_nepotism_risk_score"
MOD-03,Moderate favoritism,EMOD0300048,1,1.0,0.0,1.0,0.0,15000.0,71.0,74.0,Yonatan Levi,D01,0.2358,1.0,1.0,1.0,1.0,0.0,0.2215,0.294,65,0,15,"headcount, connected_employee_share, family_link_share, referral_share, promoted_share, avg_salary, avg_performance, avg_merit, surname_concentration, city_concentration, school_concentration, college_concentration, promoted_share_connected, raw_nepotism_risk_score, manager_nepotism_risk_score"
MOD-11,Moderate favoritism,EMOD1100205,1,1.0,1.0,1.0,0.0,22400.0,68.5,85.7,Einav Mor,D01,0.1914,1.0,1.0,1.0,1.0,0.0,0.196,0.2924,66,0,15,"headcount, connected_employee_share, family_link_share, referral_share, promoted_share, avg_salary, avg_performance, avg_merit, surname_concentration, city_concentration, school_concentration, college_concentration, promoted_share_connected, raw_nepotism_risk_score, manager_nepotism_risk_score"
HNR-01,High nepotism risk,EHNR0100298,3,1.0,0.3333333333333333,1.0,0.0,22033.33333333333,63.53333333333333,78.76666666666667,Yarden Abutbul,D03,0.138,0.6667,0.3333,0.3333,0.3333,0.0,0.1653,0.2877,67,0,15,"headcount, connected_employee_share, family_link_share, referral_share, promoted_share, avg_salary, avg_performance, avg_merit, surname_concentration, city_concentration, school_concentration, college_concentration, promoted_share_connected, raw_nepotism_risk_score, manager_nepotism_risk_score"
HNR-04,High nepotism risk,EHNR0400242,3,1.0,0.3333333333333333,0.6666666666666666,0.0,34133.333333333336,73.10000000000001,86.8,Lihi Buzaglo,EXEC,0.3493,0.3333,1.0,1.0,1.0,0.0,0.2867,0.2861,68,0,15,"headcount, connected_employee_share, family_link_share, referral_share, promoted_share, avg_salary, avg_performance, avg_merit, surname_concentration, city_concentration, school_concentration, college_concentration, promoted_share_connected, raw_nepotism_risk_score, manager_nepotism_risk_score"
MER-02,Merit-based,EMER0200019,3,1.0,0.3333333333333333,0.3333333333333333,0.3333333333333333,19700.0,68.7,86.83333333333333,Rotem Levi,D01,0.2432,0.3333,1.0,0.3333,0.5,0.3333,0.2257,0.2806,69,0,15,"headcount, connected_employee_share, family_link_share, referral_share, promoted_share, avg_salary, avg_performance, avg_merit, surname_concentration, city_concentration, school_concentration, college_concentration, promoted_share_connected, raw_nepotism_risk_score, manager_nepotism_risk_score"
MOD-07,Moderate favoritism,EMOD0700282,3,1.0,0.6666666666666666,0.0,0.0,33800.0,74.0,91.33333333333331,Adi Levi,EXEC,0.1928,0.3333,1.0,0.3333,0.3333,0.0,0.1968,0.2799,70,0,15,"headcount, connected_employee_share, family_link_share, referral_share, promoted_share, avg_salary, avg_performance, avg_merit, surname_concentration, city_concentration, school_concentration, college_concentration, promoted_share_connected, raw_nepotism_risk_score, manager_nepotism_risk_score"
MOD-09,Moderate favoritism,EMOD0900287,3,1.0,0.0,0.0,0.3333333333333333,33633.333333333336,72.33333333333333,88.39999999999999,Amit Levi,EXEC,0.1321,0.3333,0.6667,0.3333,0.6667,0.5,0.1619,0.2794,71,0,15,"headcount, connected_employee_share, family_link_share, referral_share, promoted_share, avg_salary, avg_performance, avg_merit, surname_concentration, city_concentration, school_concentration, college_concentration, promoted_share_connected, raw_nepotism_risk_score, manager_nepotism_risk_score"
HNR-14,High nepotism risk,EHNR1400292,2,1.0,0.5,1.0,0.0,22600.0,67.5,75.44999999999999,Noam Halabi,D03,0.1826,0.5,1.0,1.0,1.0,0.0,0.191,0.279,72,0,15,"headcount, connected_employee_share, family_link_share, referral_share, promoted_share, avg_salary, avg_performance, avg_merit, surname_concentration, city_concentration, school_concentration, college_concentration, promoted_share_connected, raw_nepotism_risk_score, manager_nepotism_risk_score"
HNR-07,High nepotism risk,EHNR0700002,4,1.0,0.25,0.25,0.0,17125.0,63.425,72.325,Yael Cohen,D01,0.3507,0.25,0.75,0.5,0.6667,0.0,0.2875,0.2758,73,0,15,"headcount, connected_employee_share, family_link_share, referral_share, promoted_share, avg_salary, avg_performance, avg_merit, surname_concentration, city_concentration, school_concentration, college_concentration, promoted_share_connected, raw_nepotism_risk_score, manager_nepotism_risk_score"
MOD-15,Moderate favoritism,EMOD1500162,3,1.0,0.3333333333333333,1.0,0.0,32900.0,68.39999999999999,85.3,Noa Peretz,EXEC,0.1559,0.6667,0.3333,0.3333,0.3333,0.0,0.1756,0.2727,74,0,15,"headcount, connected_employee_share, family_link_share, referral_share, promoted_share, avg_salary, avg_performance, avg_merit, surname_concentration, city_concentration, school_concentration, college_concentration, promoted_share_connected, raw_nepotism_risk_score, manager_nepotism_risk_score"
MOD-05,Moderate favoritism,EMOD0500085,3,1.0,0.0,0.0,0.0,34600.0,76.53333333333335,85.46666666666665,Maya Shapiro,EXEC,0.0915,0.3333,0.3333,0.3333,1.0,0.0,0.1387,0.2699,75,0,15,"headcount, connected_employee_share, family_link_share, referral_share, promoted_share, avg_salary, avg_performance, avg_merit, surname_concentration, city_concentration, school_concentration, college_concentration, promoted_share_connected, raw_nepotism_risk_score, manager_nepotism_risk_score"
MER-06,Merit-based,EMER0600059,3,1.0,0.0,0.0,0.0,34666.666666666664,79.46666666666667,91.4,Einav Biton,EXEC,0.04,0.3333,0.3333,0.3333,0.6667,0.0,0.1091,0.2697,76,0,15,"headcount, connected_employee_share, family_link_share, referral_share, promoted_share, avg_salary, avg_performance, avg_merit, surname_concentration, city_concentration, school_concentration, college_concentration, promoted_share_connected, raw_nepotism_risk_score, manager_nepotism_risk_score"
MER-02,Merit-based,EMER0200170,5,1.0,0.2,0.2,0.0,22200.0,68.35999999999999,83.82000000000001,Roee Dahan,D03,0.4951,0.2,0.8,0.6,0.5,0.0,0.3704,0.2688,77,0,15,"headcount, connected_employee_share, family_link_share, referral_share, promoted_share, avg_salary, avg_performance, avg_merit, surname_concentration, city_concentration, school_concentration, college_concentration, promoted_share_connected, raw_nepotism_risk_score, manager_nepotism_risk_score"
MER-08,Merit-based,EMER0800061,3,1.0,0.0,0.3333333333333333,0.3333333333333333,33966.666666666664,75.43333333333334,86.96666666666665,Yarden Mor,EXEC,0.1754,0.6667,0.6667,0.6667,0.5,0.0,0.1868,0.2675,78,0,15,"headcount, connected_employee_share, family_link_share, referral_share, promoted_share, avg_salary, avg_performance, avg_merit, surname_concentration, city_concentration, school_concentration, college_concentration, promoted_share_connected, raw_nepotism_risk_score, manager_nepotism_risk_score"
MER-16,Merit-based,EMER1600215,2,1.0,0.0,0.5,0.0,19050.0,74.44999999999999,86.55000000000001,Noam Levi,D03,0.0802,1.0,0.5,0.5,0.5,0.0,0.1322,0.2673,79,0,15,"headcount, connected_employee_share, family_link_share, referral_share, promoted_share, avg_salary, avg_performance, avg_merit, surname_concentration, city_concentration, school_concentration, college_concentration, promoted_share_connected, raw_nepotism_risk_score, manager_nepotism_risk_score"
HNR-15,High nepotism risk,EHNR1500137,1,1.0,0.0,1.0,0.0,21400.0,58.6,73.3,Daniel Berkowitz,D03,0.13,1.0,1.0,1.0,1.0,0.0,0.1607,0.2654,80,0,15,"headcount, connected_employee_share, family_link_share, referral_share, promoted_share, avg_salary, avg_performance, avg_merit, surname_concentration, city_concentration, school_concentration, college_concentration, promoted_share_connected, raw_nepotism_risk_score, manager_nepotism_risk_score"
MOD-01,Moderate favoritism,EMOD0100053,3,1.0,0.3333333333333333,0.3333333333333333,0.3333333333333333,32533.33333333333,66.23333333333333,82.39999999999999,Itay Amar,EXEC,0.2222,0.3333,0.6667,0.3333,0.5,0.5,0.2137,0.2643,81,0,15,"headcount, connected_employee_share, family_link_share, referral_share, promoted_share, avg_salary, avg_performance, avg_merit, surname_concentration, city_concentration, school_concentration, college_concentration, promoted_share_connected, raw_nepotism_risk_score, manager_nepotism_risk_score"
HNR-09,High nepotism risk,EHNR0900285,2,1.0,0.5,0.5,0.0,12400.0,67.65,78.85,Yael Friedman,D03,0.1556,0.5,1.0,0.5,0.5,0.0,0.1754,0.2642,82,0,15,"headcount, connected_employee_share, family_link_share, referral_share, promoted_share, avg_salary, avg_performance, avg_merit, surname_concentration, city_concentration, school_concentration, college_concentration, promoted_share_connected, raw_nepotism_risk_score, manager_nepotism_risk_score"
MOD-06,Moderate favoritism,EMOD0600083,3,1.0,0.6666666666666666,0.6666666666666666,0.0,34466.666666666664,73.73333333333333,83.93333333333334,Maya Peretz,EXEC,0.1921,0.6667,0.3333,0.3333,0.5,0.0,0.1964,0.2629,83,0,15,"headcount, connected_employee_share, family_link_share, referral_share, promoted_share, avg_salary, avg_performance, avg_merit, surname_concentration, city_concentration, school_concentration, college_concentration, promoted_share_connected, raw_nepotism_risk_score, manager_nepotism_risk_score"
HNR-11,High nepotism risk,EHNR1100209,1,1.0,0.0,0.0,0.0,21300.0,55.7,87.1,Noa Ohayon,D02,0.1241,1.0,1.0,1.0,1.0,0.0,0.1574,0.2583,84,0,15,"headcount, connected_employee_share, family_link_share, referral_share, promoted_share, avg_salary, avg_performance, avg_merit, surname_concentration, city_concentration, school_concentration, college_concentration, promoted_share_connected, raw_nepotism_risk_score, manager_nepotism_risk_score"
MOD-08,Moderate favoritism,EMOD0800234,1,1.0,0.0,0.0,0.0,15000.0,70.7,85.9,Adi Sasson,D02,0.089,1.0,1.0,1.0,1.0,0.0,0.1372,0.2574,85,0,15,"headcount, connected_employee_share, family_link_share, referral_share, promoted_share, avg_salary, avg_performance, avg_merit, surname_concentration, city_concentration, school_concentration, college_concentration, promoted_share_connected, raw_nepotism_risk_score, manager_nepotism_risk_score"
HNR-11,High nepotism risk,EHNR1100254,5,1.0,0.2,0.6,0.2,20600.0,66.06,77.46000000000001,Eitan Ohayon,D03,0.3651,0.2,0.6,0.4,0.5,0.0,0.2957,0.2513,86,0,15,"headcount, connected_employee_share, family_link_share, referral_share, promoted_share, avg_salary, avg_performance, avg_merit, surname_concentration, city_concentration, school_concentration, college_concentration, promoted_share_connected, raw_nepotism_risk_score, manager_nepotism_risk_score"
MOD-14,Moderate favoritism,EMOD1400228,6,1.0,0.0,0.5,0.0,22633.33333333333,72.03333333333333,88.8,Neta Shapiro,D03,0.3479,0.1667,0.5,0.3333,0.3333,0.0,0.2859,0.2502,87,0,15,"headcount, connected_employee_share, family_link_share, referral_share, promoted_share, avg_salary, avg_performance, avg_merit, surname_concentration, city_concentration, school_concentration, college_concentration, promoted_share_connected, raw_nepotism_risk_score, manager_nepotism_risk_score"
MOD-14,Moderate favoritism,EMOD1400046,3,1.0,0.3333333333333333,0.3333333333333333,0.0,18133.33333333333,62.73333333333333,79.76666666666667,Yair Levi,D01,0.2501,0.3333,1.0,0.3333,1.0,0.0,0.2297,0.2483,88,0,15,"headcount, connected_employee_share, family_link_share, referral_share, promoted_share, avg_salary, avg_performance, avg_merit, surname_concentration, city_concentration, school_concentration, college_concentration, promoted_share_connected, raw_nepotism_risk_score, manager_nepotism_risk_score"
HNR-09,High nepotism risk,EHNR0900299,3,1.0,0.6666666666666666,1.0,0.0,34000.0,71.10000000000001,89.96666666666665,Eitan Ohayon,EXEC,0.3017,0.3333,0.6667,0.6667,0.3333,0.0,0.2593,0.2444,89,0,15,"headcount, connected_employee_share, family_link_share, referral_share, promoted_share, avg_salary, avg_performance, avg_merit, surname_concentration, city_concentration, school_concentration, college_concentration, promoted_share_connected, raw_nepotism_risk_score, manager_nepotism_risk_score"
HNR-02,High nepotism risk,EHNR0200130,3,1.0,0.6666666666666666,1.0,0.0,34200.0,76.86666666666666,89.13333333333333,David Gabay,EXEC,0.1902,0.3333,0.6667,0.6667,0.3333,0.0,0.1953,0.2435,90,0,15,"headcount, connected_employee_share, family_link_share, referral_share, promoted_share, avg_salary, avg_performance, avg_merit, surname_concentration, city_concentration, school_concentration, college_concentration, promoted_share_connected, raw_nepotism_risk_score, manager_nepotism_risk_score"
MER-01,Merit-based,EMER0100137,4,1.0,0.0,0.25,0.0,22375.0,71.225,89.675,Ori Ohayon,D01,0.2234,0.25,0.75,0.75,0.25,0.0,0.2144,0.236,91,0,15,"headcount, connected_employee_share, family_link_share, referral_share, promoted_share, avg_salary, avg_performance, avg_merit, surname_concentration, city_concentration, school_concentration, college_concentration, promoted_share_connected, raw_nepotism_risk_score, manager_nepotism_risk_score"
MOD-01,Moderate favoritism,EMOD0100033,4,1.0,0.5,0.25,0.0,19225.0,67.3,80.95,Gal Cohen,D01,0.4243,0.25,0.75,0.5,0.6667,0.0,0.3297,0.235,92,0,15,"headcount, connected_employee_share, family_link_share, referral_share, promoted_share, avg_salary, avg_performance, avg_merit, surname_concentration, city_concentration, school_concentration, college_concentration, promoted_share_connected, raw_nepotism_risk_score, manager_nepotism_risk_score"
MER-01,Merit-based,EMER0100179,3,1.0,0.0,0.6666666666666666,0.0,33700.0,70.76666666666667,87.63333333333333,Neta Azoulay,EXEC,0.3022,0.3333,1.0,1.0,0.6667,0.0,0.2596,0.2319,93,0,15,"headcount, connected_employee_share, family_link_share, referral_share, promoted_share, avg_salary, avg_performance, avg_merit, surname_concentration, city_concentration, school_concentration, college_concentration, promoted_share_connected, raw_nepotism_risk_score, manager_nepotism_risk_score"
MER-16,Merit-based,EMER1600113,1,1.0,0.0,0.0,0.0,22900.0,76.1,89.7,Lihi Biton,D02,0.1056,1.0,1.0,1.0,1.0,0.0,0.1467,0.2281,94,0,15,"headcount, connected_employee_share, family_link_share, referral_share, promoted_share, avg_salary, avg_performance, avg_merit, surname_concentration, city_concentration, school_concentration, college_concentration, promoted_share_connected, raw_nepotism_risk_score, manager_nepotism_risk_score"
HNR-16,High nepotism risk,EHNR1600182,3,1.0,0.3333333333333333,0.6666666666666666,0.0,17000.0,61.6,76.76666666666667,Ariel Cohen,D02,0.3419,0.3333,1.0,0.6667,0.3333,0.0,0.2824,0.2272,95,0,15,"headcount, connected_employee_share, family_link_share, referral_share, promoted_share, avg_salary, avg_performance, avg_merit, surname_concentration, city_concentration, school_concentration, college_concentration, promoted_share_connected, raw_nepotism_risk_score, manager_nepotism_risk_score"
MOD-14,Moderate favoritism,EMOD1400150,3,1.0,0.3333333333333333,0.3333333333333333,0.0,35300.0,79.76666666666667,91.9,Yarden Amar,EXEC,0.2374,0.3333,0.6667,0.6667,0.5,0.0,0.2224,0.2218,96,0,15,"headcount, connected_employee_share, family_link_share, referral_share, promoted_share, avg_salary, avg_performance, avg_merit, surname_concentration, city_concentration, school_concentration, college_concentration, promoted_share_connected, raw_nepotism_risk_score, manager_nepotism_risk_score"
HNR-13,High nepotism risk,EHNR1300285,1,1.0,0.0,1.0,0.0,22900.0,64.9,74.2,Ofir Levi,D03,0.1241,1.0,1.0,1.0,1.0,0.0,0.1574,0.2212,97,0,15,"headcount, connected_employee_share, family_link_share, referral_share, promoted_share, avg_salary, avg_performance, avg_merit, surname_concentration, city_concentration, school_concentration, college_concentration, promoted_share_connected, raw_nepotism_risk_score, manager_nepotism_risk_score"
MOD-04,Moderate favoritism,EMOD0400012,3,1.0,0.3333333333333333,1.0,0.0,17600.0,62.66666666666666,80.2,Noa Vaknin,D01,0.2232,0.6667,0.6667,0.3333,0.3333,0.0,0.2143,0.2199,98,0,15,"headcount, connected_employee_share, family_link_share, referral_share, promoted_share, avg_salary, avg_performance, avg_merit, surname_concentration, city_concentration, school_concentration, college_concentration, promoted_share_connected, raw_nepotism_risk_score, manager_nepotism_risk_score"
HNR-07,High nepotism risk,EHNR0700010,2,1.0,0.5,0.0,0.0,16250.0,67.55000000000001,82.8,Yair Malka,D02,0.1153,0.5,0.5,0.5,0.5,0.0,0.1523,0.2186,99,0,15,"headcount, connected_employee_share, family_link_share, referral_share, promoted_share, avg_salary, avg_performance, avg_merit, surname_concentration, city_concentration, school_concentration, college_concentration, promoted_share_connected, raw_nepotism_risk_score, manager_nepotism_risk_score"
MER-09,Merit-based,EMER0900031,5,1.0,0.0,0.2,0.2,21040.0,70.58,82.86,Yair Nasser,D01,0.2708,0.4,0.4,0.4,0.4,0.0,0.2416,0.2184,100,0,15,"headcount, connected_employee_share, family_link_share, referral_share, promoted_share, avg_salary, avg_performance, avg_merit, surname_concentration, city_concentration, school_concentration, college_concentration, promoted_share_connected, raw_nepotism_risk_score, manager_nepotism_risk_score"
HNR-16,High nepotism risk,EHNR1600244,3,1.0,0.0,0.3333333333333333,0.0,33866.666666666664,70.63333333333334,80.26666666666667,Ofir Haddad,EXEC,0.2748,0.6667,1.0,0.6667,0.3333,0.0,0.2439,0.2173,101,0,15,"headcount, connected_employee_share, family_link_share, referral_share, promoted_share, avg_salary, avg_performance, avg_merit, surname_concentration, city_concentration, school_concentration, college_concentration, promoted_share_connected, raw_nepotism_risk_score, manager_nepotism_risk_score"
MOD-06,Moderate favoritism,EMOD0600247,1,1.0,0.0,1.0,0.0,23000.0,73.1,92.4,Ori Abutbul,D03,0.13,1.0,1.0,1.0,1.0,0.0,0.1607,0.216,102,0,15,"headcount, connected_employee_share, family_link_share, referral_share, promoted_share, avg_salary, avg_performance, avg_merit, surname_concentration, city_concentration, school_concentration, college_concentration, promoted_share_connected, raw_nepotism_risk_score, manager_nepotism_risk_score"
MER-15,Merit-based,EMER1500110,4,1.0,0.0,0.5,0.0,17200.0,66.825,79.25,Lior Turgeman,D02,0.1659,0.25,0.5,0.25,0.5,0.0,0.1813,0.2134,103,0,15,"headcount, connected_employee_share, family_link_share, referral_share, promoted_share, avg_salary, avg_performance, avg_merit, surname_concentration, city_concentration, school_concentration, college_concentration, promoted_share_connected, raw_nepotism_risk_score, manager_nepotism_risk_score"
MER-14,Merit-based,EMER1400220,7,1.0,0.0,0.2857142857142857,0.0,19257.14285714286,70.28571428571429,85.78571428571429,Tomer Levi,D03,0.3329,0.2857,0.7143,0.5714,0.2857,0.0,0.2773,0.2119,104,0,15,"headcount, connected_employee_share, family_link_share, referral_share, promoted_share, avg_salary, avg_performance, avg_merit, surname_concentration, city_concentration, school_concentration, college_concentration, promoted_share_connected, raw_nepotism_risk_score, manager_nepotism_risk_score"
MOD-09,Moderate favoritism,EMOD0900158,1,1.0,0.0,1.0,0.0,22700.0,74.7,89.5,Tal Dahan,D02,0.1651,1.0,1.0,1.0,1.0,0.0,0.1809,0.2054,105,0,15,"headcount, connected_employee_share, family_link_share, referral_share, promoted_share, avg_salary, avg_performance, avg_merit, surname_concentration, city_concentration, school_concentration, college_concentration, promoted_share_connected, raw_nepotism_risk_score, manager_nepotism_risk_score"
MER-12,Merit-based,EMER1200231,3,1.0,0.0,0.0,0.0,22700.0,73.0,92.96666666666664,Ori Abutbul,D03,0.0414,0.3333,0.3333,0.3333,0.3333,0.0,0.1099,0.2051,106,0,15,"headcount, connected_employee_share, family_link_share, referral_share, promoted_share, avg_salary, avg_performance, avg_merit, surname_concentration, city_concentration, school_concentration, college_concentration, promoted_share_connected, raw_nepotism_risk_score, manager_nepotism_risk_score"
HNR-01,High nepotism risk,EHNR0100182,3,1.0,0.0,0.6666666666666666,0.0,34433.333333333336,75.36666666666666,83.03333333333333,Moran Sharabi,EXEC,0.1419,0.6667,0.3333,0.3333,0.6667,0.0,0.1676,0.203,107,0,15,"headcount, connected_employee_share, family_link_share, referral_share, promoted_share, avg_salary, avg_performance, avg_merit, surname_concentration, city_concentration, school_concentration, college_concentration, promoted_share_connected, raw_nepotism_risk_score, manager_nepotism_risk_score"
HNR-14,High nepotism risk,EHNR1400080,3,1.0,0.3333333333333333,0.6666666666666666,0.0,34466.666666666664,74.86666666666667,91.66666666666669,Tomer Halabi,EXEC,0.36,0.3333,1.0,0.6667,0.6667,0.0,0.2928,0.2024,108,0,15,"headcount, connected_employee_share, family_link_share, referral_share, promoted_share, avg_salary, avg_performance, avg_merit, surname_concentration, city_concentration, school_concentration, college_concentration, promoted_share_connected, raw_nepotism_risk_score, manager_nepotism_risk_score"
MER-11,Merit-based,EMER1100085,3,1.0,0.6666666666666666,0.0,0.0,23200.0,76.66666666666667,85.0,Gal Cohen,D02,0.2539,0.3333,0.6667,0.3333,0.6667,0.0,0.2319,0.2022,109,0,15,"headcount, connected_employee_share, family_link_share, referral_share, promoted_share, avg_salary, avg_performance, avg_merit, surname_concentration, city_concentration, school_concentration, college_concentration, promoted_share_connected, raw_nepotism_risk_score, manager_nepotism_risk_score"
MER-09,Merit-based,EMER0900112,1,1.0,0.0,1.0,0.0,22400.0,71.6,78.8,Roee Dahan,D02,0.089,1.0,1.0,1.0,1.0,0.0,0.1372,0.1942,110,0,15,"headcount, connected_employee_share, family_link_share, referral_share, promoted_share, avg_salary, avg_performance, avg_merit, surname_concentration, city_concentration, school_concentration, college_concentration, promoted_share_connected, raw_nepotism_risk_score, manager_nepotism_risk_score"
MOD-10,Moderate favoritism,EMOD1000139,1,1.0,0.0,0.0,0.0,21600.0,64.3,87.7,Ido Dahan,D01,0.089,1.0,1.0,1.0,1.0,0.0,0.1372,0.1933,111,0,15,"headcount, connected_employee_share, family_link_share, referral_share, promoted_share, avg_salary, avg_performance, avg_merit, surname_concentration, city_concentration, school_concentration, college_concentration, promoted_share_connected, raw_nepotism_risk_score, manager_nepotism_risk_score"
MER-10,Merit-based,EMER1000185,2,1.0,0.5,0.0,0.0,22050.0,67.4,86.3,Yael Azoulay,D03,0.0512,0.5,0.5,0.5,0.5,0.0,0.1155,0.1911,112,0,15,"headcount, connected_employee_share, family_link_share, referral_share, promoted_share, avg_salary, avg_performance, avg_merit, surname_concentration, city_concentration, school_concentration, college_concentration, promoted_share_connected, raw_nepotism_risk_score, manager_nepotism_risk_score"
HNR-12,High nepotism risk,EHNR1200279,1,1.0,0.0,1.0,0.0,22200.0,65.0,82.9,Tamar Amar,D03,0.1651,1.0,1.0,1.0,1.0,0.0,0.1809,0.1847,113,0,15,"headcount, connected_employee_share, family_link_share, referral_share, promoted_share, avg_salary, avg_performance, avg_merit, surname_concentration, city_concentration, school_concentration, college_concentration, promoted_share_connected, raw_nepotism_risk_score, manager_nepotism_risk_score"
HNR-05,High nepotism risk,EHNR0500019,3,1.0,0.3333333333333333,0.6666666666666666,0.0,32733.33333333333,62.86666666666667,78.43333333333334,Noa Dahan,EXEC,0.2193,0.3333,0.6667,0.6667,0.3333,0.0,0.212,0.184,114,0,15,"headcount, connected_employee_share, family_link_share, referral_share, promoted_share, avg_salary, avg_performance, avg_merit, surname_concentration, city_concentration, school_concentration, college_concentration, promoted_share_connected, raw_nepotism_risk_score, manager_nepotism_risk_score"
MOD-15,Moderate favoritism,EMOD1500146,1,1.0,0.0,1.0,0.0,22800.0,71.5,82.6,Amit Cohen,D02,0.2358,1.0,1.0,1.0,1.0,0.0,0.2215,0.1834,115,0,15,"headcount, connected_employee_share, family_link_share, referral_share, promoted_share, avg_salary, avg_performance, avg_merit, surname_concentration, city_concentration, school_concentration, college_concentration, promoted_share_connected, raw_nepotism_risk_score, manager_nepotism_risk_score"
MOD-08,Moderate favoritism,EMOD0800239,1,1.0,0.0,1.0,0.0,22300.0,72.6,82.7,Noa Cohen,D03,0.2172,1.0,1.0,1.0,1.0,0.0,0.2108,0.1799,116,0,15,"headcount, connected_employee_share, family_link_share, referral_share, promoted_share, avg_salary, avg_performance, avg_merit, surname_concentration, city_concentration, school_concentration, college_concentration, promoted_share_connected, raw_nepotism_risk_score, manager_nepotism_risk_score"
MOD-03,Moderate favoritism,EMOD0300149,3,1.0,0.0,0.3333333333333333,0.0,34100.0,73.63333333333333,87.2,Ori Cohen,EXEC,0.1974,0.3333,1.0,0.6667,1.0,0.0,0.1995,0.174,117,0,15,"headcount, connected_employee_share, family_link_share, referral_share, promoted_share, avg_salary, avg_performance, avg_merit, surname_concentration, city_concentration, school_concentration, college_concentration, promoted_share_connected, raw_nepotism_risk_score, manager_nepotism_risk_score"
MER-14,Merit-based,EMER1400194,3,1.0,0.3333333333333333,0.0,0.0,33200.0,70.03333333333333,82.83333333333333,Ofir Mor,EXEC,0.0902,0.3333,0.3333,0.3333,0.3333,0.0,0.1379,0.1718,118,0,15,"headcount, connected_employee_share, family_link_share, referral_share, promoted_share, avg_salary, avg_performance, avg_merit, surname_concentration, city_concentration, school_concentration, college_concentration, promoted_share_connected, raw_nepotism_risk_score, manager_nepotism_risk_score"
HNR-10,High nepotism risk,EHNR1000308,2,1.0,0.5,0.5,0.0,21800.0,65.0,83.25,Roni Peretz,D03,0.0795,0.5,1.0,0.5,0.5,0.0,0.1317,0.1698,119,0,15,"headcount, connected_employee_share, family_link_share, referral_share, promoted_share, avg_salary, avg_performance, avg_merit, surname_concentration, city_concentration, school_concentration, college_concentration, promoted_share_connected, raw_nepotism_risk_score, manager_nepotism_risk_score"
MER-05,Merit-based,EMER0500059,4,1.0,0.25,0.75,0.0,22600.0,69.55,85.925,Hila Kariv,D01,0.4211,0.5,0.75,0.5,0.5,0.0,0.3279,0.164,120,0,15,"headcount, connected_employee_share, family_link_share, referral_share, promoted_share, avg_salary, avg_performance, avg_merit, surname_concentration, city_concentration, school_concentration, college_concentration, promoted_share_connected, raw_nepotism_risk_score, manager_nepotism_risk_score"
HNR-03,High nepotism risk,EHNR0300321,1,1.0,0.0,0.0,0.0,22000.0,66.9,84.3,Michal Avraham,D03,0.089,1.0,1.0,1.0,1.0,0.0,0.1372,0.1619,121,0,15,"headcount, connected_employee_share, family_link_share, referral_share, promoted_share, avg_salary, avg_performance, avg_merit, surname_concentration, city_concentration, school_concentration, college_concentration, promoted_share_connected, raw_nepotism_risk_score, manager_nepotism_risk_score"
MOD-07,Moderate favoritism,EMOD0700258,2,1.0,0.0,0.5,0.0,22350.0,71.65,83.65,Noa Gabay,D02,0.019,0.5,0.5,0.5,1.0,0.0,0.097,0.1611,122,0,15,"headcount, connected_employee_share, family_link_share, referral_share, promoted_share, avg_salary, avg_performance, avg_merit, surname_concentration, city_concentration, school_concentration, college_concentration, promoted_share_connected, raw_nepotism_risk_score, manager_nepotism_risk_score"
MOD-03,Moderate favoritism,EMOD0300292,1,1.0,0.0,0.0,0.0,22000.0,66.8,86.0,Yuval Mizrahi,D03,0.1241,1.0,1.0,1.0,1.0,0.0,0.1574,0.1609,123,0,15,"headcount, connected_employee_share, family_link_share, referral_share, promoted_share, avg_salary, avg_performance, avg_merit, surname_concentration, city_concentration, school_concentration, college_concentration, promoted_share_connected, raw_nepotism_risk_score, manager_nepotism_risk_score"
MOD-09,Moderate favoritism,EMOD0900201,3,1.0,0.0,0.6666666666666666,0.0,22133.33333333333,68.7,78.33333333333333,Shira Cohen,D03,0.0493,0.3333,0.3333,0.3333,0.3333,0.0,0.1144,0.1593,124,0,15,"headcount, connected_employee_share, family_link_share, referral_share, promoted_share, avg_salary, avg_performance, avg_merit, surname_concentration, city_concentration, school_concentration, college_concentration, promoted_share_connected, raw_nepotism_risk_score, manager_nepotism_risk_score"
MER-09,Merit-based,EMER0900232,3,1.0,0.0,0.6666666666666666,0.0,15700.0,65.89999999999999,79.5,Noam Toledano,D03,0.0683,0.3333,0.6667,0.3333,0.3333,0.0,0.1253,0.1587,125,0,15,"headcount, connected_employee_share, family_link_share, referral_share, promoted_share, avg_salary, avg_performance, avg_merit, surname_concentration, city_concentration, school_concentration, college_concentration, promoted_share_connected, raw_nepotism_risk_score, manager_nepotism_risk_score"
MER-12,Merit-based,EMER1200209,2,1.0,0.0,0.0,0.0,22650.0,72.6,88.45,Tamar Cohen,D02,0.0176,0.5,0.5,0.5,0.5,0.0,0.0962,0.1525,126,0,15,"headcount, connected_employee_share, family_link_share, referral_share, promoted_share, avg_salary, avg_performance, avg_merit, surname_concentration, city_concentration, school_concentration, college_concentration, promoted_share_connected, raw_nepotism_risk_score, manager_nepotism_risk_score"
HNR-08,High nepotism risk,EHNR0800315,3,1.0,0.0,1.0,0.0,34200.0,74.06666666666666,90.0,Noa Mizrahi,EXEC,0.1612,0.3333,0.6667,0.6667,0.6667,0.0,0.1787,0.1524,127,0,15,"headcount, connected_employee_share, family_link_share, referral_share, promoted_share, avg_salary, avg_performance, avg_merit, surname_concentration, city_concentration, school_concentration, college_concentration, promoted_share_connected, raw_nepotism_risk_score, manager_nepotism_risk_score"
MOD-16,Moderate favoritism,EMOD1600260,3,1.0,0.0,0.0,0.0,33900.0,73.16666666666667,94.53333333333336,David Ben-David,EXEC,0.0669,0.3333,0.6667,0.3333,0.6667,0.0,0.1245,0.1495,128,0,15,"headcount, connected_employee_share, family_link_share, referral_share, promoted_share, avg_salary, avg_performance, avg_merit, surname_concentration, city_concentration, school_concentration, college_concentration, promoted_share_connected, raw_nepotism_risk_score, manager_nepotism_risk_score"
MOD-11,Moderate favoritism,EMOD1100262,2,1.0,0.0,0.5,0.0,19100.0,72.6,81.80000000000001,Eitan Friedman,D03,0.0924,0.5,0.5,0.5,1.0,0.0,0.1392,0.145,129,0,15,"headcount, connected_employee_share, family_link_share, referral_share, promoted_share, avg_salary, avg_performance, avg_merit, surname_concentration, city_concentration, school_concentration, college_concentration, promoted_share_connected, raw_nepotism_risk_score, manager_nepotism_risk_score"
MER-13,Merit-based,EMER1300063,4,1.0,0.0,0.0,0.0,22925.0,73.675,83.275,Dana Azoulay,D03,0.281,0.25,0.75,0.5,0.5,0.0,0.2475,0.1448,130,0,15,"headcount, connected_employee_share, family_link_share, referral_share, promoted_share, avg_salary, avg_performance, avg_merit, surname_concentration, city_concentration, school_concentration, college_concentration, promoted_share_connected, raw_nepotism_risk_score, manager_nepotism_risk_score"
HNR-06,High nepotism risk,EHNR0600112,2,1.0,0.0,0.0,0.0,23350.0,75.25,81.05,David Levi,D01,0.0558,0.5,0.5,0.5,0.5,0.0,0.1182,0.144,131,0,15,"headcount, connected_employee_share, family_link_share, referral_share, promoted_share, avg_salary, avg_performance, avg_merit, surname_concentration, city_concentration, school_concentration, college_concentration, promoted_share_connected, raw_nepotism_risk_score, manager_nepotism_risk_score"
MOD-12,Moderate favoritism,EMOD1200066,3,1.0,0.0,0.0,0.0,34233.333333333336,75.63333333333333,90.03333333333335,Yael Toledano,EXEC,0.1275,0.3333,0.6667,0.6667,0.6667,0.0,0.1593,0.143,132,0,15,"headcount, connected_employee_share, family_link_share, referral_share, promoted_share, avg_salary, avg_performance, avg_merit, surname_concentration, city_concentration, school_concentration, college_concentration, promoted_share_connected, raw_nepotism_risk_score, manager_nepotism_risk_score"
HNR-02,High nepotism risk,EHNR0200256,2,1.0,0.5,0.5,0.0,23050.0,74.5,85.4,Ariel Sasson,D01,0.1558,0.5,1.0,0.5,0.5,0.0,0.1756,0.1425,133,0,15,"headcount, connected_employee_share, family_link_share, referral_share, promoted_share, avg_salary, avg_performance, avg_merit, surname_concentration, city_concentration, school_concentration, college_concentration, promoted_share_connected, raw_nepotism_risk_score, manager_nepotism_risk_score"
HNR-12,High nepotism risk,EHNR1200074,3,1.0,0.0,1.0,0.0,33800.0,72.53333333333335,79.8,Tal Levi,EXEC,0.2053,0.3333,0.6667,0.6667,0.5,0.0,0.204,0.1364,134,0,15,"headcount, connected_employee_share, family_link_share, referral_share, promoted_share, avg_salary, avg_performance, avg_merit, surname_concentration, city_concentration, school_concentration, college_concentration, promoted_share_connected, raw_nepotism_risk_score, manager_nepotism_risk_score"
MER-04,Merit-based,EMER0400090,2,1.0,0.0,0.5,0.0,22350.0,67.6,83.35,Shira Ben-Ami,D01,0.0,0.5,0.5,0.5,0.5,0.0,0.0861,0.1328,135,0,15,"headcount, connected_employee_share, family_link_share, referral_share, promoted_share, avg_salary, avg_performance, avg_merit, surname_concentration, city_concentration, school_concentration, college_concentration, promoted_share_connected, raw_nepotism_risk_score, manager_nepotism_risk_score"
MER-10,Merit-based,EMER1000170,3,1.0,0.3333333333333333,0.3333333333333333,0.0,34766.666666666664,75.60000000000001,89.36666666666667,Hila Biton,EXEC,0.0964,0.3333,0.3333,0.3333,0.5,0.0,0.1415,0.1313,136,0,15,"headcount, connected_employee_share, family_link_share, referral_share, promoted_share, avg_salary, avg_performance, avg_merit, surname_concentration, city_concentration, school_concentration, college_concentration, promoted_share_connected, raw_nepotism_risk_score, manager_nepotism_risk_score"
MER-15,Merit-based,EMER1500017,2,1.0,0.0,0.5,0.0,22800.0,74.9,86.7,Lior Peretz,D01,0.0749,0.5,0.5,0.5,1.0,0.0,0.1291,0.1282,137,0,15,"headcount, connected_employee_share, family_link_share, referral_share, promoted_share, avg_salary, avg_performance, avg_merit, surname_concentration, city_concentration, school_concentration, college_concentration, promoted_share_connected, raw_nepotism_risk_score, manager_nepotism_risk_score"
MER-02,Merit-based,EMER0200083,3,1.0,0.0,0.6666666666666666,0.0,32600.0,69.83333333333333,82.3,Yonatan Nasser,EXEC,0.0827,0.3333,0.3333,0.3333,0.3333,0.0,0.1336,0.1228,138,0,15,"headcount, connected_employee_share, family_link_share, referral_share, promoted_share, avg_salary, avg_performance, avg_merit, surname_concentration, city_concentration, school_concentration, college_concentration, promoted_share_connected, raw_nepotism_risk_score, manager_nepotism_risk_score"
MER-09,Merit-based,EMER0900064,3,1.0,0.0,0.3333333333333333,0.0,33500.0,69.46666666666665,89.13333333333333,Noa Mizrahi,EXEC,0.0386,0.3333,0.3333,0.3333,0.3333,0.0,0.1083,0.1221,139,0,15,"headcount, connected_employee_share, family_link_share, referral_share, promoted_share, avg_salary, avg_performance, avg_merit, surname_concentration, city_concentration, school_concentration, college_concentration, promoted_share_connected, raw_nepotism_risk_score, manager_nepotism_risk_score"
MER-16,Merit-based,EMER1600019,3,1.0,0.3333333333333333,0.0,0.0,34033.333333333336,73.8,85.06666666666668,Lihi Avraham,EXEC,0.0876,0.3333,0.3333,0.3333,0.5,0.0,0.1364,0.1203,140,0,15,"headcount, connected_employee_share, family_link_share, referral_share, promoted_share, avg_salary, avg_performance, avg_merit, surname_concentration, city_concentration, school_concentration, college_concentration, promoted_share_connected, raw_nepotism_risk_score, manager_nepotism_risk_score"
MOD-13,Moderate favoritism,EMOD1300071,2,1.0,0.0,0.5,0.0,22450.0,68.9,80.95,Assaf Friedman,D02,0.167,0.5,1.0,0.5,1.0,0.0,0.182,0.1203,140,0,15,"headcount, connected_employee_share, family_link_share, referral_share, promoted_share, avg_salary, avg_performance, avg_merit, surname_concentration, city_concentration, school_concentration, college_concentration, promoted_share_connected, raw_nepotism_risk_score, manager_nepotism_risk_score"
MOD-07,Moderate favoritism,EMOD0700295,3,1.0,0.3333333333333333,0.6666666666666666,0.0,17633.333333333332,71.23333333333333,84.86666666666666,Roni Levi,D03,0.262,0.6667,0.6667,0.3333,0.6667,0.0,0.2365,0.1159,141,0,15,"headcount, connected_employee_share, family_link_share, referral_share, promoted_share, avg_salary, avg_performance, avg_merit, surname_concentration, city_concentration, school_concentration, college_concentration, promoted_share_connected, raw_nepotism_risk_score, manager_nepotism_risk_score"
MOD-14,Moderate favoritism,EMOD1400152,3,1.0,0.3333333333333333,0.6666666666666666,0.0,23166.666666666668,74.60000000000001,84.13333333333334,Ariel Mizrahi,D02,0.1484,0.3333,0.3333,0.3333,0.3333,0.0,0.1713,0.1154,142,0,15,"headcount, connected_employee_share, family_link_share, referral_share, promoted_share, avg_salary, avg_performance, avg_merit, surname_concentration, city_concentration, school_concentration, college_concentration, promoted_share_connected, raw_nepotism_risk_score, manager_nepotism_risk_score"
MER-01,Merit-based,EMER0100232,3,1.0,0.0,0.3333333333333333,0.0,19966.666666666668,73.23333333333333,89.26666666666667,Shahar Avraham,D03,0.0823,0.6667,0.6667,0.3333,0.6667,0.0,0.1333,0.1138,143,0,15,"headcount, connected_employee_share, family_link_share, referral_share, promoted_share, avg_salary, avg_performance, avg_merit, surname_concentration, city_concentration, school_concentration, college_concentration, promoted_share_connected, raw_nepotism_risk_score, manager_nepotism_risk_score"
MOD-04,Moderate favoritism,EMOD0400076,3,1.0,0.0,0.0,0.0,33600.0,72.39999999999999,89.2,Tomer Mizrahi,EXEC,0.0581,0.3333,0.3333,0.3333,0.3333,0.0,0.1195,0.1131,144,0,15,"headcount, connected_employee_share, family_link_share, referral_share, promoted_share, avg_salary, avg_performance, avg_merit, surname_concentration, city_concentration, school_concentration, college_concentration, promoted_share_connected, raw_nepotism_risk_score, manager_nepotism_risk_score"
MER-06,Merit-based,EMER0600032,3,1.0,0.0,0.3333333333333333,0.0,22400.0,69.3,88.26666666666667,David Malka,D01,0.1241,0.3333,0.6667,0.3333,1.0,0.0,0.1573,0.1072,145,0,15,"headcount, connected_employee_share, family_link_share, referral_share, promoted_share, avg_salary, avg_performance, avg_merit, surname_concentration, city_concentration, school_concentration, college_concentration, promoted_share_connected, raw_nepotism_risk_score, manager_nepotism_risk_score"
MOD-13,Moderate favoritism,EMOD1300087,3,1.0,0.3333333333333333,0.6666666666666666,0.0,34100.0,72.43333333333334,83.56666666666666,Noa Naim,EXEC,0.0992,0.3333,0.3333,0.3333,0.5,0.0,0.1431,0.0997,146,0,15,"headcount, connected_employee_share, family_link_share, referral_share, promoted_share, avg_salary, avg_performance, avg_merit, surname_concentration, city_concentration, school_concentration, college_concentration, promoted_share_connected, raw_nepotism_risk_score, manager_nepotism_risk_score"
MER-14,Merit-based,EMER1400140,2,1.0,0.0,0.5,0.0,22650.0,69.8,86.75,Eitan Malka,D02,0.0924,0.5,0.5,0.5,1.0,0.0,0.1392,0.0956,147,0,15,"headcount, connected_employee_share, family_link_share, referral_share, promoted_share, avg_salary, avg_performance, avg_merit, surname_concentration, city_concentration, school_concentration, college_concentration, promoted_share_connected, raw_nepotism_risk_score, manager_nepotism_risk_score"
MOD-11,Moderate favoritism,EMOD1100149,3,1.0,0.0,0.3333333333333333,0.0,33100.0,69.89999999999999,84.26666666666667,Lior Berkowitz,EXEC,0.1986,0.3333,1.0,0.6667,0.5,0.0,0.2001,0.0889,148,0,15,"headcount, connected_employee_share, family_link_share, referral_share, promoted_share, avg_salary, avg_performance, avg_merit, surname_concentration, city_concentration, school_concentration, college_concentration, promoted_share_connected, raw_nepotism_risk_score, manager_nepotism_risk_score"
MOD-15,Moderate favoritism,EMOD1500204,3,1.0,0.0,0.3333333333333333,0.0,23033.33333333333,73.0,88.8,Amit Levi,D03,0.2272,0.3333,1.0,0.6667,0.6667,0.0,0.2165,0.0875,149,0,15,"headcount, connected_employee_share, family_link_share, referral_share, promoted_share, avg_salary, avg_performance, avg_merit, surname_concentration, city_concentration, school_concentration, college_concentration, promoted_share_connected, raw_nepotism_risk_score, manager_nepotism_risk_score"
MOD-08,Moderate favoritism,EMOD0800200,3,1.0,0.0,0.3333333333333333,0.0,32766.666666666668,70.39999999999999,86.53333333333335,Neta Mizrahi,EXEC,0.0567,0.3333,0.3333,0.3333,0.6667,0.0,0.1187,0.0828,150,0,15,"headcount, connected_employee_share, family_link_share, referral_share, promoted_share, avg_salary, avg_performance, avg_merit, surname_concentration, city_concentration, school_concentration, college_concentration, promoted_share_connected, raw_nepotism_risk_score, manager_nepotism_risk_score"
MER-13,Merit-based,EMER1300008,4,1.0,0.0,0.25,0.0,19175.0,70.6,84.475,Dana Dahan,D01,0.2641,0.25,0.75,0.5,0.5,0.0,0.2377,0.0785,151,0,15,"headcount, connected_employee_share, family_link_share, referral_share, promoted_share, avg_salary, avg_performance, avg_merit, surname_concentration, city_concentration, school_concentration, college_concentration, promoted_share_connected, raw_nepotism_risk_score, manager_nepotism_risk_score"
MOD-02,Moderate favoritism,EMOD0200155,3,1.0,0.0,0.3333333333333333,0.0,34033.333333333336,69.60000000000001,92.16666666666669,Gal Azoulay,EXEC,0.0941,0.3333,0.6667,0.3333,0.5,0.0,0.1401,0.0776,152,0,15,"headcount, connected_employee_share, family_link_share, referral_share, promoted_share, avg_salary, avg_performance, avg_merit, surname_concentration, city_concentration, school_concentration, college_concentration, promoted_share_connected, raw_nepotism_risk_score, manager_nepotism_risk_score"
MER-11,Merit-based,EMER1100066,3,1.0,0.3333333333333333,0.3333333333333333,0.0,22433.33333333333,72.46666666666665,83.60000000000001,Lihi Vaknin,D01,0.1071,0.3333,0.3333,0.3333,0.5,0.0,0.1476,0.0721,153,0,15,"headcount, connected_employee_share, family_link_share, referral_share, promoted_share, avg_salary, avg_performance, avg_merit, surname_concentration, city_concentration, school_concentration, college_concentration, promoted_share_connected, raw_nepotism_risk_score, manager_nepotism_risk_score"
MER-11,Merit-based,EMER1100195,3,1.0,0.0,0.3333333333333333,0.0,34200.0,75.16666666666667,89.0,Omer Levi,EXEC,0.0683,0.3333,0.6667,0.3333,0.3333,0.0,0.1253,0.0716,154,0,15,"headcount, connected_employee_share, family_link_share, referral_share, promoted_share, avg_salary, avg_performance, avg_merit, surname_concentration, city_concentration, school_concentration, college_concentration, promoted_share_connected, raw_nepotism_risk_score, manager_nepotism_risk_score"
MER-15,Merit-based,EMER1500241,3,1.0,0.0,0.0,0.0,21666.666666666668,65.43333333333334,83.46666666666665,David Azoulay,D03,0.1385,0.3333,0.6667,0.3333,0.5,0.0,0.1656,0.0697,155,0,15,"headcount, connected_employee_share, family_link_share, referral_share, promoted_share, avg_salary, avg_performance, avg_merit, surname_concentration, city_concentration, school_concentration, college_concentration, promoted_share_connected, raw_nepotism_risk_score, manager_nepotism_risk_score"
MOD-03,Moderate favoritism,EMOD0300283,3,1.0,0.0,0.3333333333333333,0.0,22266.666666666668,69.33333333333333,87.63333333333333,Einav Abutbul,D02,0.0504,0.3333,0.3333,0.3333,0.5,0.0,0.1151,0.0653,156,0,15,"headcount, connected_employee_share, family_link_share, referral_share, promoted_share, avg_salary, avg_performance, avg_merit, surname_concentration, city_concentration, school_concentration, college_concentration, promoted_share_connected, raw_nepotism_risk_score, manager_nepotism_risk_score"
MER-03,Merit-based,EMER0300243,3,1.0,0.0,0.3333333333333333,0.0,22000.0,65.66666666666667,80.83333333333333,Yael Cohen,D03,0.102,0.3333,0.6667,0.3333,0.3333,0.0,0.1447,0.0548,157,0,15,"headcount, connected_employee_share, family_link_share, referral_share, promoted_share, avg_salary, avg_performance, avg_merit, surname_concentration, city_concentration, school_concentration, college_concentration, promoted_share_connected, raw_nepotism_risk_score, manager_nepotism_risk_score"
MER-15,Merit-based,EMER1500232,3,1.0,0.0,0.6666666666666666,0.0,33833.333333333336,71.96666666666667,82.8,David Friedman,EXEC,0.1691,0.3333,0.6667,0.6667,0.6667,0.0,0.1832,0.0447,158,0,15,"headcount, connected_employee_share, family_link_share, referral_share, promoted_share, avg_salary, avg_performance, avg_merit, surname_concentration, city_concentration, school_concentration, college_concentration, promoted_share_connected, raw_nepotism_risk_score, manager_nepotism_risk_score"
HNR-07,High nepotism risk,EHNR0700214,3,1.0,0.3333333333333333,0.3333333333333333,0.0,33033.333333333336,68.43333333333334,86.06666666666666,Amit Shapiro,EXEC,0.1872,0.3333,0.6667,0.3333,0.5,0.0,0.1936,0.0422,159,0,15,"headcount, connected_employee_share, family_link_share, referral_share, promoted_share, avg_salary, avg_performance, avg_merit, surname_concentration, city_concentration, school_concentration, college_concentration, promoted_share_connected, raw_nepotism_risk_score, manager_nepotism_risk_score"
MER-12,Merit-based,EMER1200170,3,1.0,0.0,0.3333333333333333,0.0,34000.0,73.10000000000001,87.5,Yael Friedman,EXEC,0.0672,0.3333,0.3333,0.3333,0.5,0.0,0.1247,0.0399,160,0,15,"headcount, connected_employee_share, family_link_share, referral_share, promoted_share, avg_salary, avg_performance, avg_merit, surname_concentration, city_concentration, school_concentration, college_concentration, promoted_share_connected, raw_nepotism_risk_score, manager_nepotism_risk_score"
HNR-06,High nepotism risk,EHNR0600314,3,1.0,0.0,0.6666666666666666,0.0,34233.333333333336,71.86666666666667,89.43333333333334,Adi Berkowitz,EXEC,0.1563,0.3333,0.6667,0.3333,0.6667,0.0,0.1759,0.0344,161,0,15,"headcount, connected_employee_share, family_link_share, referral_share, promoted_share, avg_salary, avg_performance, avg_merit, surname_concentration, city_concentration, school_concentration, college_concentration, promoted_share_connected, raw_nepotism_risk_score, manager_nepotism_risk_score"
MOD-11,Moderate favoritism,EMOD1100216,3,1.0,0.3333333333333333,0.6666666666666666,0.0,20066.666666666668,69.36666666666666,81.63333333333334,Noa Ben-David,D02,0.2023,0.3333,0.6667,0.3333,0.6667,0.0,0.2023,0.0276,162,0,15,"headcount, connected_employee_share, family_link_share, referral_share, promoted_share, avg_salary, avg_performance, avg_merit, surname_concentration, city_concentration, school_concentration, college_concentration, promoted_share_connected, raw_nepotism_risk_score, manager_nepotism_risk_score"
MER-03,Merit-based,EMER0300144,3,1.0,0.0,0.6666666666666666,0.0,34333.333333333336,73.03333333333333,86.7,Shira Katz,EXEC,0.1812,0.3333,0.6667,0.3333,0.6667,0.0,0.1901,0.0226,163,0,15,"headcount, connected_employee_share, family_link_share, referral_share, promoted_share, avg_salary, avg_performance, avg_merit, surname_concentration, city_concentration, school_concentration, college_concentration, promoted_share_connected, raw_nepotism_risk_score, manager_nepotism_risk_score"
MOD-04,Moderate favoritism,EMOD0400269,3,1.0,0.0,0.3333333333333333,0.0,22066.666666666668,69.8,84.06666666666666,Yonatan Levi,D03,0.1201,0.3333,0.6667,0.3333,0.6667,0.0,0.1551,0.0,164,0,15,"headcount, connected_employee_share, family_link_share, referral_share, promoted_share, avg_salary, avg_performance, avg_merit, surname_concentration, city_concentration, school_concentration, college_concentration, promoted_share_connected, raw_nepotism_risk_score, manager_nepotism_risk_score"
